"LAzCHiAJJI4","http://youtube.com/watch?v=LAzCHiAJJI4","2020-02-22T06:06:30Z","UCe_EvY8GrvYgx8PbwRBc75g","MU-TON.vs.ミメイ.凱旋MCbattle東西選抜冬ノ陣2020.ベスト32","1985378","28707","249","0","3709","2020-07-09 20:41:45"
"ROkD53byEpI","http://youtube.com/watch?v=ROkD53byEpI","2019-08-20T06:56:38Z","UCe_EvY8GrvYgx8PbwRBc75g","TERU.vs MC松島 凱旋MC battle東西選抜夏ノ陣2019.1回戦","3844372","46670","448","0","3189","2020-07-09 20:41:45"
"sDbevBe4Icg","http://youtube.com/watch?v=sDbevBe4Icg","2019-11-12T07:25:06Z","UCe_EvY8GrvYgx8PbwRBc75g","Authority×だーひー×バチスタvs NovelCore×HARDY×百足.凱旋MCbattle東西選抜秋ノ陣2019.","1478206","17214","196","0","2639","2020-07-09 20:41:45"
"7sLN4BAtQrw","http://youtube.com/watch?v=7sLN4BAtQrw","2019-04-22T07:15:30Z","UCe_EvY8GrvYgx8PbwRBc75g","韻マンvs晋平太.凱旋MCbattle東西選抜春ノ陣2019.1回戦","4850909","43997","552","0","4846","2020-07-09 20:41:45"
"DVZmheYWBZ8","http://youtube.com/watch?v=DVZmheYWBZ8","2020-03-15T05:07:48Z","UCe_EvY8GrvYgx8PbwRBc75g","ACE.vs.MC☆ニガリa.k.a.赤い稲妻.凱旋MCbattle東西選抜冬ノ陣2020.ベスト8","1525331","23154","171","0","2657","2020-07-09 20:41:45"
"V827HEZR74Q","http://youtube.com/watch?v=V827HEZR74Q","2019-08-09T15:21:12Z","UCe_EvY8GrvYgx8PbwRBc75g","NovelCore.vs.梵頭.凱旋MC battle東西選抜夏ノ陣2019.1回戦","3823830","32187","396","0","3771","2020-07-09 20:41:45"
"9551-oQS_64","http://youtube.com/watch?v=9551-oQS_64","2020-01-22T07:03:04Z","UCe_EvY8GrvYgx8PbwRBc75g","ScoobyJvsMCリトル.凱旋MCbattle×COREfestival","608786","10167","79","0","929","2020-07-09 20:41:45"
"vFFS6s7Zhj8","http://youtube.com/watch?v=vFFS6s7Zhj8","2019-12-01T13:53:51Z","UCe_EvY8GrvYgx8PbwRBc75g","晋平太vsT-TANGG.凱旋MCbattle東西選抜秋ノ陣2019準決勝","474972","6469","79","0","135","2020-07-09 20:41:45"
"wYSjTUU3-QE","http://youtube.com/watch?v=wYSjTUU3-QE","2019-06-19T15:02:13Z","UCe_EvY8GrvYgx8PbwRBc75g","TERU.vs.ミメイ【名古屋編】凱旋MC battle×STAGEAVENGER","560568","7912","55","0","362","2020-07-09 20:41:45"
"NZ5rxis08qE","http://youtube.com/watch?v=NZ5rxis08qE","2019-05-01T02:36:19Z","UCe_EvY8GrvYgx8PbwRBc75g","MY vs NAIKA MC.凱旋MC battle東西選抜春ノ陣2019.1回戦","6127238","63577","1188","0","8148","2020-07-09 20:41:45"
"Fm1RGAIZNAU","http://youtube.com/watch?v=Fm1RGAIZNAU","2020-02-28T08:54:14Z","UCe_EvY8GrvYgx8PbwRBc75g","FRANKEN.vs.ID.凱旋MCbattle東西選抜冬ノ陣2020.ベスト32","736261","11849","87","0","1732","2020-07-09 20:41:45"
"d7GtYcaAK9Y","http://youtube.com/watch?v=d7GtYcaAK9Y","2019-11-17T09:41:53Z","UCe_EvY8GrvYgx8PbwRBc75g","TERUvsBASE.凱旋MCbattle東西選抜秋ノ陣2019","1959650","21912","204","0","3018","2020-07-09 20:41:45"
"SZe2qLygKZA","http://youtube.com/watch?v=SZe2qLygKZA","2019-11-16T08:14:47Z","UCe_EvY8GrvYgx8PbwRBc75g","IM x TERU vs K Lee x 呂布カルマ.凱旋MC battle東西選抜秋ノ陣2019.","488073","5127","79","0","1203","2020-07-09 20:41:45"
"qWnag_b-NQM","http://youtube.com/watch?v=qWnag_b-NQM","2019-08-28T12:04:23Z","UCe_EvY8GrvYgx8PbwRBc75g","MCニガリ☆a.k.a赤い稲妻.vs.ミメイ.凱旋MC battle東西選抜夏ノ陣.シード戦","1011737","11496","167","0","1496","2020-07-09 20:41:45"
"6zoeeEM6D_Q","http://youtube.com/watch?v=6zoeeEM6D_Q","2019-05-27T09:17:42Z","UCe_EvY8GrvYgx8PbwRBc75g","Authority.vs.MC☆ニガリa.k.a赤い稲妻.凱旋MC battle東西選抜春ノ陣2019.準決勝","1874624","19823","218","0","1929","2020-07-09 20:41:45"
"EQf8FsRMjh4","http://youtube.com/watch?v=EQf8FsRMjh4","2018-10-08T05:03:52Z","UCe_EvY8GrvYgx8PbwRBc75g","キョンス.vs.ベル.凱旋MCbattle1周年party.ベスト16@渋谷VUENOS","341688","2742","69","0","1042","2020-07-09 20:41:45"
"CGF0kAYX8Go","http://youtube.com/watch?v=CGF0kAYX8Go","2019-08-18T08:01:19Z","UCe_EvY8GrvYgx8PbwRBc75g","ScoobyJ.vs.百足.凱旋MC battle東西選抜夏ノ陣2019.1回戦","1494335","14478","165","0","1335","2020-07-09 20:41:45"
"MNkparZfNHE","http://youtube.com/watch?v=MNkparZfNHE","2019-11-30T10:52:13Z","UCe_EvY8GrvYgx8PbwRBc75g","SAM×韻マンvsスナフキン×T-TANGG.凱旋MCbattle東西選抜秋ノ陣2019準決勝","1237876","16092","149","0","204","2020-07-09 20:41:45"
"KFi3tovlMgE","http://youtube.com/watch?v=KFi3tovlMgE","2020-02-18T08:27:26Z","UCe_EvY8GrvYgx8PbwRBc75g","MY.vs.がーどまん.凱旋MCbattle東西選抜冬ノ陣2020.ベスト32","1736783","24774","663","0","1031","2020-07-09 20:41:45"
"_i62LDNA5Po","http://youtube.com/watch?v=_i62LDNA5Po","2019-12-03T09:00:23Z","UCe_EvY8GrvYgx8PbwRBc75g","【延長戦】呂布カルマ×BASE×K.Lee.vs.CIMA×S-kaine×RAGSHOT.凱旋MCbattle東西選抜秋ノ陣2019準決勝","553849","7965","60","0","124","2020-07-09 20:41:45"
"qRACH7uDxgA","http://youtube.com/watch?v=qRACH7uDxgA","2019-11-03T07:40:14Z","UCe_EvY8GrvYgx8PbwRBc75g","じょうvs晋平太.凱旋MCbattle東西選抜秋ノ陣2019","675508","8534","112","0","841","2020-07-09 20:41:45"
"TrTZfRm_2Jg","http://youtube.com/watch?v=TrTZfRm_2Jg","2020-02-09T09:05:28Z","UCe_EvY8GrvYgx8PbwRBc75g","NovelCore.vs.呂布カルマ.凱旋MCbattle東西選抜冬ノ陣2020.1回戦","859508","13801","126","0","2755","2020-07-09 20:41:45"
"aeWuBgWR5ps","http://youtube.com/watch?v=aeWuBgWR5ps","2020-03-06T08:00:27Z","UCe_EvY8GrvYgx8PbwRBc75g","HARDYvsMU-TON.凱旋MCbattle東西選抜冬ノ陣2020.ベスト16","628990","8962","147","0","2276","2020-07-09 20:41:45"
"VZSG_uqRfJM","http://youtube.com/watch?v=VZSG_uqRfJM","2019-11-14T07:04:03Z","UCe_EvY8GrvYgx8PbwRBc75g","HARDYvsバチスタ.凱旋MCbattle東西選抜秋ノ陣2019","640543","5990","138","0","1339","2020-07-09 20:41:45"
"I28GlvFmwDA","http://youtube.com/watch?v=I28GlvFmwDA","2019-04-28T05:01:04Z","UCe_EvY8GrvYgx8PbwRBc75g","がーどまん.vs.バチスタ.凱旋MC battle東西選抜春ノ陣2019.1回戦","1965512","20389","454","0","1740","2020-07-09 20:41:45"
"APKKe0cJH8U","http://youtube.com/watch?v=APKKe0cJH8U","2019-11-02T07:30:01Z","UCe_EvY8GrvYgx8PbwRBc75g","SAMx韻マン vs じょうxDOPEMAN.凱旋MCbattle東西選抜秋ノ陣2019","1408007","12445","177","0","2185","2020-07-09 20:41:45"
"Q8rGJIEesSI","http://youtube.com/watch?v=Q8rGJIEesSI","2019-08-24T08:41:02Z","UCe_EvY8GrvYgx8PbwRBc75g","韻マン.vs.PONEY.凱旋MC battle東西選抜夏ノ陣2019.１回戦","2097733","20193","285","0","1789","2020-07-09 20:41:45"
"i2LeL0j3pxM","http://youtube.com/watch?v=i2LeL0j3pxM","2020-03-08T08:10:09Z","UCe_EvY8GrvYgx8PbwRBc75g","呂布カルマvsBALA a.k.a.SBKN.凱旋MCbattle東西選抜冬ノ陣2020.ベスト16","580183","6218","94","0","1354","2020-07-09 20:41:45"
"umRxCqH9j2w","http://youtube.com/watch?v=umRxCqH9j2w","2020-02-02T04:16:42Z","UCe_EvY8GrvYgx8PbwRBc75g","Amateras.vs.がーどまん.凱旋MCbattle東西選抜冬ノ陣2020.1回戦","514433","8287","138","0","1783","2020-07-09 20:41:45"
"TXd1dmww61Q","http://youtube.com/watch?v=TXd1dmww61Q","2019-11-22T07:19:08Z","UCe_EvY8GrvYgx8PbwRBc75g","SAM.vs.KBD.凱旋MCbattle東西選抜秋ノ陣2019シード戦","396814","4962","66","0","118","2020-07-09 20:41:45"
"bCFSkv6DVJc","http://youtube.com/watch?v=bCFSkv6DVJc","2019-09-12T07:07:53Z","UCe_EvY8GrvYgx8PbwRBc75g","Authority.vs.呂布カルマ.凱旋MCbattle東西選抜夏ノ陣2019.ベスト8","1234785","13895","187","0","1741","2020-07-09 20:41:45"
"ozQAklpOTcY","http://youtube.com/watch?v=ozQAklpOTcY","2020-01-16T10:24:22Z","UCe_EvY8GrvYgx8PbwRBc75g","ミメイvsScoobyJ.凱旋MCbattle×COREfestival","622213","11344","112","0","1389","2020-07-09 20:41:45"
"wp_OeZbTp4o","http://youtube.com/watch?v=wp_OeZbTp4o","2019-12-06T07:18:52Z","UCe_EvY8GrvYgx8PbwRBc75g","SAM×韻マン×晋平太vs呂布カルマ×BASE×K.Lee.凱旋MCbattle東西選抜秋ノ陣2019決勝戦","780711","8915","111","0","1191","2020-07-09 20:41:45"
"nC8eRRbqxjk","http://youtube.com/watch?v=nC8eRRbqxjk","2020-01-17T13:55:50Z","UCe_EvY8GrvYgx8PbwRBc75g","韻マンvsU-mallow. 凱旋MCbattle×COREfestival","806549","11771","111","0","1387","2020-07-09 20:41:45"
"sbMPv3kSMM8","http://youtube.com/watch?v=sbMPv3kSMM8","2019-12-07T12:16:03Z","UCe_EvY8GrvYgx8PbwRBc75g","SAM×韻マンvsBASE×K.Lee.凱旋MCbattle東西選抜秋ノ陣2019決勝戦","743908","7579","104","0","1013","2020-07-09 20:41:45"
"FbBeGRGGNmI","http://youtube.com/watch?v=FbBeGRGGNmI","2019-11-01T09:25:42Z","UCe_EvY8GrvYgx8PbwRBc75g","SAM.韻マン.晋平太vsじょう.DOPEMAN.SHOICHIRO.凱旋MCbattle東西選抜秋ノ陣2019","2816781","25450","327","0","3517","2020-07-09 20:41:45"
"R58uXHNRFOc","http://youtube.com/watch?v=R58uXHNRFOc","2019-11-21T07:24:43Z","UCe_EvY8GrvYgx8PbwRBc75g","SAM×晋平太vsふぁんく×KZ.凱旋MCbattle東西選抜秋ノ陣2019シード戦","316990","3759","58","0","165","2020-07-09 20:41:45"
"nRjsTt4Kymg","http://youtube.com/watch?v=nRjsTt4Kymg","2019-11-15T15:15:38Z","UCe_EvY8GrvYgx8PbwRBc75g","BASE×K.Lee×呂布カルマvsTERU×ScoobyJ×IM.凱旋MCbattle東西選抜秋ノ陣2019","446560","4918","76","0","1393","2020-07-09 20:41:45"
"xRFrYZPR3W0","http://youtube.com/watch?v=xRFrYZPR3W0","2020-02-01T04:25:52Z","UCe_EvY8GrvYgx8PbwRBc75g","S-kaine.vs.言xTHEANSWER.凱旋MCbattle東西選抜冬ノ陣2020.1回戦","931181","13669","120","0","2465","2020-07-09 20:41:45"
"FJ0_9yfvBjQ","http://youtube.com/watch?v=FJ0_9yfvBjQ","2019-11-17T09:13:26Z","UCe_EvY8GrvYgx8PbwRBc75g","TERU×IMvs呂布カルマ×K.Lee【再延長】凱旋MCbattle東西選抜秋ノ陣2019","254598","3012","52","0","991","2020-07-09 20:41:45"
"Ko5JSJziqiI","http://youtube.com/watch?v=Ko5JSJziqiI","2020-03-13T06:23:12Z","UCe_EvY8GrvYgx8PbwRBc75g","MU-TON.vs.バチスタ.凱旋MCbattle東西選抜冬ノ陣2020.ベスト8","722807","8551","119","0","1561","2020-07-09 20:41:45"
"ZooEJvsdu-4","http://youtube.com/watch?v=ZooEJvsdu-4","2019-11-04T08:17:56Z","UCe_EvY8GrvYgx8PbwRBc75g","じょう vs 晋平太【再延長】凱旋MCbattle東西選抜秋ノ陣2019","465335","6475","77","0","1169","2020-07-09 20:41:45"
"ycPZzRiJtUQ","http://youtube.com/watch?v=ycPZzRiJtUQ","2019-04-27T07:09:25Z","UCe_EvY8GrvYgx8PbwRBc75g","智大 vs N0uTY.凱旋MC battle東西選抜春ノ陣2019.1回戦","752122","9500","109","0","1131","2020-07-09 20:41:45"
"av6JpMyTAEg","http://youtube.com/watch?v=av6JpMyTAEg","2019-11-13T08:52:16Z","UCe_EvY8GrvYgx8PbwRBc75g","百足xNovel Core vs Authorityxだーひー凱旋MCbattle東西選抜秋ノ陣2019","966091","9366","158","0","1114","2020-07-09 20:41:45"
"zHjeXyYYynU","http://youtube.com/watch?v=zHjeXyYYynU","2019-11-15T05:16:42Z","UCe_EvY8GrvYgx8PbwRBc75g","Novel Core vs だーひー【延長戦】凱旋MCbattle東西選抜秋ノ陣2019","1012130","11844","159","0","1498","2020-07-09 20:41:45"
"Woe3dnz9VLM","http://youtube.com/watch?v=Woe3dnz9VLM","2019-05-17T07:16:15Z","UCe_EvY8GrvYgx8PbwRBc75g","百足 vs MC☆ニガリa.k.a.赤い稲妻.凱旋MC battle東西選抜春ノ陣2019.ベスト16","1426842","15368","210","0","1406","2020-07-09 20:41:45"
"wH_gx5xctmk","http://youtube.com/watch?v=wH_gx5xctmk","2020-02-04T07:28:56Z","UCe_EvY8GrvYgx8PbwRBc75g","梵頭vs影賭.凱旋MCbattle東西選抜冬ノ陣2020.1回戦","307225","4493","54","0","863","2020-07-09 20:41:45"
"Js-wYLNhmyU","http://youtube.com/watch?v=Js-wYLNhmyU","2019-09-07T07:45:44Z","UCe_EvY8GrvYgx8PbwRBc75g","呂布カルマ vs ScoobyJ.凱旋MC battle東西選抜夏ノ陣2019.ベスト16","414008","5251","100","0","1148","2020-07-09 20:41:45"
"rpjb1LrVbxM","http://youtube.com/watch?v=rpjb1LrVbxM","2019-08-20T12:27:34Z","UCe_EvY8GrvYgx8PbwRBc75g","HARDY.vs.TERA_Z.凱旋MC battle東西選抜夏ノ陣2019.1回戦","575706","7751","103","0","1731","2020-07-09 20:41:45"
"K4muiUVbxYU","http://youtube.com/watch?v=K4muiUVbxYU","2019-08-27T12:26:19Z","UCe_EvY8GrvYgx8PbwRBc75g","八咫烏.vs.DARK.凱旋MC battle東西選抜夏ノ陣2019.シード戦","699446","7896","96","0","1190","2020-07-09 20:41:45"
"No1qz2ErB7k","http://youtube.com/watch?v=No1qz2ErB7k","2020-03-14T05:30:16Z","UCe_EvY8GrvYgx8PbwRBc75g","呂布カルマvsT-TANGG.凱旋MCbattle東西選抜冬ノ陣2020.ベスト8","914207","10267","166","0","1554","2020-07-09 20:41:46"
"tNsrhriFwDk","http://youtube.com/watch?v=tNsrhriFwDk","2019-05-07T09:56:27Z","UCe_EvY8GrvYgx8PbwRBc75g","じょう vs K'ill.【延長】凱旋MC battle東西選抜春ノ陣2019.シード戦","444565","4502","95","0","1414","2020-07-09 20:41:46"
"61yjw4eJ-2o","http://youtube.com/watch?v=61yjw4eJ-2o","2020-02-25T08:59:01Z","UCe_EvY8GrvYgx8PbwRBc75g","呂布カルマvs智大.凱旋MCbattle東西選抜冬ノ陣2020.ベスト32","339256","5150","62","0","952","2020-07-09 20:41:46"
"W4qjUirDP94","http://youtube.com/watch?v=W4qjUirDP94","2019-11-16T11:23:43Z","UCe_EvY8GrvYgx8PbwRBc75g","TERU×IM.vs.K.Lee×呂布カルマ【延長戦】凱旋MCbattle東西選抜秋ノ陣2019","350946","3450","55","0","1396","2020-07-09 20:41:46"
"uA258_iEw_M","http://youtube.com/watch?v=uA258_iEw_M","2020-03-10T07:46:31Z","UCe_EvY8GrvYgx8PbwRBc75g","ミステリオvsMCニガリa.k.a.赤い稲妻.凱旋MCbattle東西選抜冬ノ陣2020.ベスト16","268141","3713","62","0","748","2020-07-09 20:41:46"
"20y_PY7G1-0","http://youtube.com/watch?v=20y_PY7G1-0","2018-06-05T15:49:32Z","UCe_EvY8GrvYgx8PbwRBc75g","凱旋×MRJ無料イベント決勝 ミメイvsゆうま","339594","3474","71","0","656","2020-07-09 20:41:46"
"x6SwzFxU6j8","http://youtube.com/watch?v=x6SwzFxU6j8","2019-09-06T06:54:25Z","UCe_EvY8GrvYgx8PbwRBc75g","U-mallow.vs.ゆうま.凱旋MCbattle東西選抜夏ノ陣2019.ベスト16","270674","4728","75","0","566","2020-07-09 20:41:46"
"oQ6pXQUWTeE","http://youtube.com/watch?v=oQ6pXQUWTeE","2020-02-11T12:15:25Z","UCe_EvY8GrvYgx8PbwRBc75g","RAGAvsゆうま.凱旋MCbattle東西選抜冬ノ陣2020.1回戦","206690","3547","50","0","974","2020-07-09 20:41:46"
"2ff-vVhElWQ","http://youtube.com/watch?v=2ff-vVhElWQ","2019-04-26T06:55:02Z","UCe_EvY8GrvYgx8PbwRBc75g","百足 vs 藤KooS.凱旋MC battle東西選抜春ノ陣2019.1回戦","1877293","26840","338","0","1699","2020-07-09 20:41:46"
"rF09jLJmIuI","http://youtube.com/watch?v=rF09jLJmIuI","2019-08-30T08:38:10Z","UCe_EvY8GrvYgx8PbwRBc75g","Authority.vs.スターク.凱旋MC battle東西選抜夏ノ陣2019.シード戦","493740","6375","85","0","1162","2020-07-09 20:41:46"
"S7CwC9QxrDw","http://youtube.com/watch?v=S7CwC9QxrDw","2020-03-17T07:02:37Z","UCe_EvY8GrvYgx8PbwRBc75g","ACEvs呂布カルマ.凱旋MCbattle東西選抜冬ノ陣2020.ベスト4","835904","10580","148","0","1596","2020-07-09 20:41:46"
"2UV5wPG1XC4","http://youtube.com/watch?v=2UV5wPG1XC4","2020-02-17T07:39:15Z","UCe_EvY8GrvYgx8PbwRBc75g","S-kaine.vs.Authority.凱旋MCbattle東西選抜冬ノ陣2020.ベスト32","781618","11949","95","0","1835","2020-07-09 20:41:46"
"58WpxRKIOys","http://youtube.com/watch?v=58WpxRKIOys","2018-07-08T04:17:44Z","UCe_EvY8GrvYgx8PbwRBc75g","がーどまん.vs.百足.凱旋MCbattle東西選抜1回戦第十試合","323530","3054","59","0","690","2020-07-09 20:41:46"
"sOQ2KMvM7Ck","http://youtube.com/watch?v=sOQ2KMvM7Ck","2019-06-12T16:05:58Z","UCe_EvY8GrvYgx8PbwRBc75g","TERU.vs.ＺトＮ【名古屋編】凱旋MC battle×STAGEAVENGER","82765","1410","6","0","133","2020-07-09 20:41:46"
"G5UN_0LNCfo","http://youtube.com/watch?v=G5UN_0LNCfo","2020-02-20T07:10:54Z","UCe_EvY8GrvYgx8PbwRBc75g","9for.vs.影賭.凱旋MCbattle東西選抜冬ノ陣2020.ベスト32","235660","3904","49","0","977","2020-07-09 20:41:46"
"tzCfA_sPr6U","http://youtube.com/watch?v=tzCfA_sPr6U","2018-07-23T08:01:21Z","UCe_EvY8GrvYgx8PbwRBc75g","U-mallow.vs.9for.凱旋MCbattle東西選抜シード戦12試合目","209831","2286","34","0","351","2020-07-09 20:41:46"
"dJ3trk_GIho","http://youtube.com/watch?v=dJ3trk_GIho","2019-11-03T13:26:38Z","UCe_EvY8GrvYgx8PbwRBc75g","じょうvs晋平太【延長戦】凱旋MCbattle秋ノ陣2019","246836","3137","47","0","671","2020-07-09 20:41:46"
"ary6Zxw1LUs","http://youtube.com/watch?v=ary6Zxw1LUs","2019-11-25T12:29:22Z","UCe_EvY8GrvYgx8PbwRBc75g","Authority.vs.T-TANGG.凱旋MCbattle東西選抜秋ノ陣2019","460280","6522","86","0","107","2020-07-09 20:41:46"
"nV1ODkdbpd8","http://youtube.com/watch?v=nV1ODkdbpd8","2019-08-16T09:32:10Z","UCe_EvY8GrvYgx8PbwRBc75g","CIMA.vs.Authority.凱旋MC battle東西選抜夏ノ陣2019.1回戦","658153","6935","102","0","1764","2020-07-09 20:41:46"
"nCfL6PkyVPg","http://youtube.com/watch?v=nCfL6PkyVPg","2019-09-01T09:46:45Z","UCe_EvY8GrvYgx8PbwRBc75g","9for.vs.ゆうま.凱旋MC battle東西選抜夏ノ陣2019.シード戦","498316","8150","164","0","1005","2020-07-09 20:41:46"
"sNOFQvlXPTQ","http://youtube.com/watch?v=sNOFQvlXPTQ","2020-02-27T07:28:02Z","UCe_EvY8GrvYgx8PbwRBc75g","ゆうまvs T-TANGG.凱旋MCbattle東西選抜冬ノ陣2020.ベスト32","397774","6034","74","0","1128","2020-07-09 20:41:46"
"spWVgNCu9fQ","http://youtube.com/watch?v=spWVgNCu9fQ","2020-03-09T07:26:43Z","UCe_EvY8GrvYgx8PbwRBc75g","ID.vs.T-TANGG.凱旋MCbattle東西選抜冬ノ陣2020.ベスト16","386010","5689","67","0","769","2020-07-09 20:41:46"
"fwyIDg0n_vQ","http://youtube.com/watch?v=fwyIDg0n_vQ","2019-11-24T10:20:36Z","UCe_EvY8GrvYgx8PbwRBc75g","Authority×だーひー×バチスタvsT-TANGG×スナフキン×PONEY.凱旋MCbattle東西選抜秋ノ陣2019シード戦","245866","3674","47","0","83","2020-07-09 20:41:46"
"3N2SqKs1N8E","http://youtube.com/watch?v=3N2SqKs1N8E","2018-06-16T16:05:09Z","UCe_EvY8GrvYgx8PbwRBc75g","凱旋MCbattle東西選抜予選.決勝 U-mallow.vs.Kill","259307","3869","48","0","240","2020-07-09 20:41:46"
"Kxw0IcqJKqE","http://youtube.com/watch?v=Kxw0IcqJKqE","2020-03-11T07:20:18Z","UCe_EvY8GrvYgx8PbwRBc75g","ACEvsだーひー.凱旋MCbattle東西選抜冬ノ陣2020.ベスト16","239641","3682","40","0","650","2020-07-09 20:41:46"
"4n0ByXjUsyY","http://youtube.com/watch?v=4n0ByXjUsyY","2020-02-05T07:10:08Z","UCe_EvY8GrvYgx8PbwRBc75g","HARDYvsN0uTY.凱旋MCbattle東西選抜冬ノ陣2020.1回戦","254592","3418","75","0","861","2020-07-09 20:41:46"
"lJXZjuVuY7c","http://youtube.com/watch?v=lJXZjuVuY7c","2018-08-22T11:30:50Z","UCe_EvY8GrvYgx8PbwRBc75g","凱旋MCbattle.NEWgeneration.ベスト8.百足.vs.TERA_Z","278256","3308","74","0","873","2020-07-09 20:41:46"
"uX6CJfuJL8o","http://youtube.com/watch?v=uX6CJfuJL8o","2018-12-02T10:20:08Z","UCe_EvY8GrvYgx8PbwRBc75g","藤KooS vs ゆうま/凱旋MCbattle × Nation Of Klang 本戦 @渋谷VUENOS","670253","7193","146","0","1086","2020-07-09 20:41:46"
"3FpB-ELbXOs","http://youtube.com/watch?v=3FpB-ELbXOs","2019-05-26T12:07:08Z","UCe_EvY8GrvYgx8PbwRBc75g","Authority.vs.ふぁんく.凱旋MC battle東西選抜春ノ陣2019.ベスト8","407229","4706","66","0","811","2020-07-09 20:41:46"
"qQfKAPahvTI","http://youtube.com/watch?v=qQfKAPahvTI","2019-05-10T05:01:19Z","UCe_EvY8GrvYgx8PbwRBc75g","MC☆ニガリa.k.a.赤い稲妻.vs.小池潔宗.凱旋MC battle東西選抜春ノ陣2019.シード戦","305509","3268","54","0","479","2020-07-09 20:41:46"
"-FgdB44o_pA","http://youtube.com/watch?v=-FgdB44o_pA","2020-01-07T08:11:59Z","UCe_EvY8GrvYgx8PbwRBc75g","キョンスvsKUREI.凱旋MCbattle×COREfestival","49665","1014","7","0","187","2020-07-09 20:41:46"
"fGAE-EV44b0","http://youtube.com/watch?v=fGAE-EV44b0","2019-12-05T09:36:17Z","UCe_EvY8GrvYgx8PbwRBc75g","呂布カルマvsS-kaine.凱旋MCbattle東西選抜秋ノ陣2019準決勝","456708","4951","80","0","793","2020-07-09 20:41:46"
"Hgp-49A1VVc","http://youtube.com/watch?v=Hgp-49A1VVc","2019-09-15T02:38:12Z","UCe_EvY8GrvYgx8PbwRBc75g","U-mallow.vs.HARDY.凱旋MCbattle東西選抜夏ノ陣2019.準決勝","353004","4266","66","0","709","2020-07-09 20:41:46"
"thAwJRnegNs","http://youtube.com/watch?v=thAwJRnegNs","2019-05-20T12:09:35Z","UCe_EvY8GrvYgx8PbwRBc75g","Authority vs 9for.凱旋MC battle東西選抜春ノ陣2019.ベスト16","567470","6107","111","0","759","2020-07-09 20:41:46"
"n6pqoJnrQ0U","http://youtube.com/watch?v=n6pqoJnrQ0U","2020-02-21T07:41:36Z","UCe_EvY8GrvYgx8PbwRBc75g","韻マンvsHARDY.凱旋MCbattle東西選抜冬ノ陣2020.ベスト32","450762","6511","107","0","939","2020-07-09 20:41:46"
"ldSCCz669LY","http://youtube.com/watch?v=ldSCCz669LY","2019-12-08T09:02:03Z","UCe_EvY8GrvYgx8PbwRBc75g","晋平太.vs.呂布カルマ.凱旋MCbattle東西選抜秋ノ陣2019決勝戦","1123919","13682","176","0","350","2020-07-09 20:41:46"
"19rudsU7yck","http://youtube.com/watch?v=19rudsU7yck","2019-08-27T07:33:39Z","UCe_EvY8GrvYgx8PbwRBc75g","晋平太.vs .HIDADDY.凱旋MC battle東西選抜夏ノ陣2019.1回戦","305607","3006","70","0","540","2020-07-09 20:41:46"
"rdSTuVog9qs","http://youtube.com/watch?v=rdSTuVog9qs","2019-08-15T06:00:34Z","UCe_EvY8GrvYgx8PbwRBc75g","NAIKA MC.vs.歩歩.凱旋MC battle東西選抜夏ノ陣2019.1回戦","329334","4336","82","0","706","2020-07-09 20:41:46"
"e384BWkmv_g","http://youtube.com/watch?v=e384BWkmv_g","2020-03-18T11:46:02Z","UCe_EvY8GrvYgx8PbwRBc75g","MU-TONvs呂布カルマ.凱旋MCbattle東西選抜冬ノ陣2020.決勝戦","2364723","29199","346","0","11140","2020-07-09 20:41:46"
"EeCpYIXhWU0","http://youtube.com/watch?v=EeCpYIXhWU0","2019-09-07T14:30:09Z","UCe_EvY8GrvYgx8PbwRBc75g","U-mallow.vs.ゆうま.【延長戦】凱旋MC battle東西選抜夏ノ陣2019.ベスト16","169858","2571","34","0","400","2020-07-09 20:41:46"
"PDYbJZg3ECE","http://youtube.com/watch?v=PDYbJZg3ECE","2020-03-04T08:21:03Z","UCe_EvY8GrvYgx8PbwRBc75g","がーどまん.vs.S-kaine.凱旋MCbattle東西選抜冬ノ陣2020.ベスト16","365374","5329","81","0","989","2020-07-09 20:41:46"
"mCSSQ4K9WjM","http://youtube.com/watch?v=mCSSQ4K9WjM","2019-11-29T11:59:25Z","UCe_EvY8GrvYgx8PbwRBc75g","SAM×韻マン×晋平太vsT-TANGG×スナフキン×PONEY.凱旋MCbattle東西選抜秋ノ陣2019準決勝","455761","6962","74","0","50","2020-07-09 20:41:46"
"F6ZQnMyF8PU","http://youtube.com/watch?v=F6ZQnMyF8PU","2020-01-10T14:24:43Z","UCe_EvY8GrvYgx8PbwRBc75g","SHABAZvs9for.凱旋MCbattle×COREfestival","106324","1945","24","0","379","2020-07-09 20:41:46"
"2FM5GDgZ2J0","http://youtube.com/watch?v=2FM5GDgZ2J0","2019-05-18T05:32:10Z","UCe_EvY8GrvYgx8PbwRBc75g","じょう vs NAIKAMC.凱旋MC battle東西選抜春ノ陣2019.ベスト16","560595","5054","104","0","412","2020-07-09 20:41:46"
"AYr1u-yH2LE","http://youtube.com/watch?v=AYr1u-yH2LE","2019-09-08T09:05:50Z","UCe_EvY8GrvYgx8PbwRBc75g","BASE.vs.バチスタ.凱旋MC battle東西選抜夏ノ陣2019.ベスト16","218884","3276","47","0","544","2020-07-09 20:41:46"
"0unFUxd_djE","http://youtube.com/watch?v=0unFUxd_djE","2019-08-09T03:47:42Z","UCe_EvY8GrvYgx8PbwRBc75g","ミステリオ.vs.スナフキン.凱旋MC battle東西選抜夏ノ陣2019.1回戦","517013","5594","121","0","1138","2020-07-09 20:41:46"
"5My2_qGe4d4","http://youtube.com/watch?v=5My2_qGe4d4","2020-02-13T08:32:17Z","UCe_EvY8GrvYgx8PbwRBc75g","MCニガリa.k.a赤い稲妻vsキョンス.凱旋MCbattle東西選抜冬ノ陣2020.1回戦","249681","4028","65","0","450","2020-07-09 20:41:46"
"Rq_1nqSf38k","http://youtube.com/watch?v=Rq_1nqSf38k","2020-02-10T07:31:36Z","UCe_EvY8GrvYgx8PbwRBc75g","MOGURAvsCIMA.凱旋MCbattle東西選抜冬ノ陣2020.1回戦","250168","3547","66","0","674","2020-07-09 20:41:46"
"62IjeFTfyLg","http://youtube.com/watch?v=62IjeFTfyLg","2019-04-19T06:57:46Z","UCe_EvY8GrvYgx8PbwRBc75g","ミメイ vs T-TANGG.凱旋MC battle東西選抜春ノ陣2019. 1回戦","757009","7896","153","0","977","2020-07-09 20:41:46"
"lPYDarWV7NM","http://youtube.com/watch?v=lPYDarWV7NM","2019-08-22T07:22:01Z","UCe_EvY8GrvYgx8PbwRBc75g","JAKE.vs.MIRI.凱旋MC battle東西選抜夏ノ陣2019.１回戦","512443","4769","100","0","1135","2020-07-09 20:41:46"
"FmNUdpAMUKQ","http://youtube.com/watch?v=FmNUdpAMUKQ","2019-09-03T06:46:18Z","UCe_EvY8GrvYgx8PbwRBc75g","じょう.vs.ベル.凱旋MC battle東西選抜夏ノ陣2019.シード戦","355248","3432","119","0","812","2020-07-09 20:41:47"
"w-K82QmN6EE","http://youtube.com/watch?v=w-K82QmN6EE","2020-03-07T08:01:58Z","UCe_EvY8GrvYgx8PbwRBc75g","NAIKAMCvsバチスタ.凱旋MCbattle東西選抜冬ノ陣2020.ベスト16","206352","3384","47","0","512","2020-07-09 20:41:47"
"7dXBlosluXc","http://youtube.com/watch?v=7dXBlosluXc","2019-05-14T04:56:30Z","UCe_EvY8GrvYgx8PbwRBc75g","智大 vs D.D.S 凱旋MC battle東西選抜春ノ陣2019.シード戦","297108","4396","47","0","512","2020-07-09 20:41:47"
"azUiJhUmJJE","http://youtube.com/watch?v=azUiJhUmJJE","2020-03-03T05:17:06Z","UCe_EvY8GrvYgx8PbwRBc75g","CJ.vs.だーひー.凱旋MCbattle東西選抜冬ノ陣2020.ベスト32","165930","3245","38","0","686","2020-07-09 20:41:47"
"4GzhiqSLaZs","http://youtube.com/watch?v=4GzhiqSLaZs","2020-02-08T07:14:37Z","UCe_EvY8GrvYgx8PbwRBc75g","バチスタvsDOPEMAN.凱旋MCbattle東西選抜冬ノ陣2020.1回戦","208068","3197","39","0","658","2020-07-09 20:41:47"
"hBWosNSXtZw","http://youtube.com/watch?v=hBWosNSXtZw","2020-02-12T07:33:40Z","UCe_EvY8GrvYgx8PbwRBc75g","ID.vs.T-STONE.凱旋MCbattle東西選抜冬ノ陣2020.1回戦","326734","5235","46","0","751","2020-07-09 20:41:47"
"9DU_2TtyEyg","http://youtube.com/watch?v=9DU_2TtyEyg","2019-08-26T08:14:05Z","UCe_EvY8GrvYgx8PbwRBc75g","がーどまん.vs.9for.凱旋MC battle東西選抜夏ノ陣2019.１回戦","634458","7497","215","0","1414","2020-07-09 20:41:47"
"8sJh7pj-HEE","http://youtube.com/watch?v=8sJh7pj-HEE","2018-07-23T08:03:21Z","UCe_EvY8GrvYgx8PbwRBc75g","TERA_Z.vs.MAKA.凱旋MCbattle東西選抜シード戦13試合目","231576","3099","43","0","429","2020-07-09 20:41:47"
"L_y-7nHowdA","http://youtube.com/watch?v=L_y-7nHowdA","2019-11-27T10:23:27Z","UCe_EvY8GrvYgx8PbwRBc75g","呂布カルマvs早雲.凱旋MCbattle東西選抜秋ノ陣2019","164708","2144","35","0","67","2020-07-09 20:41:47"
"SeIba2DU6DM","http://youtube.com/watch?v=SeIba2DU6DM","2019-08-23T08:25:05Z","UCe_EvY8GrvYgx8PbwRBc75g","じょう vs K'ill.凱旋MC battle東西選抜夏ノ陣2019.１回戦","306685","3745","82","0","711","2020-07-09 20:41:47"
"Mp9QPq6TzgM","http://youtube.com/watch?v=Mp9QPq6TzgM","2020-03-02T06:46:56Z","UCe_EvY8GrvYgx8PbwRBc75g","ACE.vs.DARK.凱旋MCbattle東西選抜冬ノ陣2020.ベスト32","370364","6407","54","0","1232","2020-07-09 20:41:47"
"znFSg0O77TU","http://youtube.com/watch?v=znFSg0O77TU","2019-05-12T10:14:16Z","UCe_EvY8GrvYgx8PbwRBc75g","CIMA vs 018.凱旋MC battle東西選抜春ノ陣2019.シード戦","330486","5634","48","0","698","2020-07-09 20:41:47"
"5iTHBeuChTQ","http://youtube.com/watch?v=5iTHBeuChTQ","2020-02-29T08:04:08Z","UCe_EvY8GrvYgx8PbwRBc75g","K-razy.vs.MCニガリa.k.a.赤い稲妻.凱旋MCbattle東西選抜冬ノ陣2020.ベスト32","222953","3476","51","0","507","2020-07-09 20:41:47"
"oiG8-JJos9E","http://youtube.com/watch?v=oiG8-JJos9E","2019-08-17T08:56:18Z","UCe_EvY8GrvYgx8PbwRBc75g","呂布カルマ.vs.ハハノシキュウ.凱旋MC battle東西選抜夏ノ陣2019.1回戦","670138","5613","191","0","1639","2020-07-09 20:41:47"
"MwqrYvJv9ws","http://youtube.com/watch?v=MwqrYvJv9ws","2019-09-02T06:41:35Z","UCe_EvY8GrvYgx8PbwRBc75g","だーひーvs ScoobyJ.凱旋MC battle東西選抜夏ノ陣2019.シード戦","212665","2767","38","0","423","2020-07-09 20:41:47"
"taqV9RWm40Y","http://youtube.com/watch?v=taqV9RWm40Y","2018-06-05T15:52:11Z","UCe_EvY8GrvYgx8PbwRBc75g","凱旋×MRJ無料イベント準決勝.百足vsゆうま  ミメイvsTERA_Z","771655","8471","162","0","2080","2020-07-09 20:41:47"
"YST2HTDxqpE","http://youtube.com/watch?v=YST2HTDxqpE","2019-05-03T02:39:38Z","UCe_EvY8GrvYgx8PbwRBc75g","JAKE vs Authority.凱旋MC battle東西選抜春ノ陣2019.1回戦","264367","3141","57","0","546","2020-07-09 20:41:47"
"fP53iLWQZzE","http://youtube.com/watch?v=fP53iLWQZzE","2020-02-07T07:51:49Z","UCe_EvY8GrvYgx8PbwRBc75g","NillNico.vs.TERU.凱旋MCbattle東西選抜冬ノ陣2020.1回戦","219520","3375","67","0","828","2020-07-09 20:41:47"
"mFt_UC6cPIU","http://youtube.com/watch?v=mFt_UC6cPIU","2018-08-07T07:10:22Z","UCe_EvY8GrvYgx8PbwRBc75g","ONO-D.vs.U-mallow.凱旋MCbattleベストバウト","69300","1361","14","0","197","2020-07-09 20:41:47"
"bwGL3PjUG_M","http://youtube.com/watch?v=bwGL3PjUG_M","2019-05-16T07:08:47Z","UCe_EvY8GrvYgx8PbwRBc75g","ミメイ vs バチスタ.凱旋MC battle東西選抜春ノ陣2019.ベスト16","537342","5360","146","0","1290","2020-07-09 20:41:47"
"UbXTlyK7p4Y","http://youtube.com/watch?v=UbXTlyK7p4Y","2019-09-01T09:35:35Z","UCe_EvY8GrvYgx8PbwRBc75g","呂布カルマ.vs.aqua.凱旋MCbattle東西選抜夏ノ陣シード戦","229419","2281","60","0","524","2020-07-09 20:41:47"
"HInooK4uAgo","http://youtube.com/watch?v=HInooK4uAgo","2020-02-14T13:39:36Z","UCe_EvY8GrvYgx8PbwRBc75g","ミステリオvs龍鬼.凱旋MCbattle東西選抜冬ノ陣2020.1回戦","261277","3888","65","0","730","2020-07-09 20:41:47"
"NU695UDDr4c","http://youtube.com/watch?v=NU695UDDr4c","2019-05-07T05:02:49Z","UCe_EvY8GrvYgx8PbwRBc75g","じょう vs K'ill.凱旋MC battle東西選抜春ノ陣2019.シード戦","588224","4761","122","0","1251","2020-07-09 20:41:47"
"HjWU7vMYUdc","http://youtube.com/watch?v=HjWU7vMYUdc","2019-04-30T12:02:14Z","UCe_EvY8GrvYgx8PbwRBc75g","GOTIT vs ミステリオ.凱旋MC battle東西選抜春ノ陣2019.1回戦","267276","2896","58","0","519","2020-07-09 20:41:47"
"tPZTHu6FLUQ","http://youtube.com/watch?v=tPZTHu6FLUQ","2018-10-06T14:29:12Z","UCe_EvY8GrvYgx8PbwRBc75g","Masa&トラヴィス・スットコ.vs.雅.凱旋MCbattle1周年partyベスト16.@渋谷VUENOS","51020","778","5","0","210","2020-07-09 20:41:47"
"JJ6oOVEU914","http://youtube.com/watch?v=JJ6oOVEU914","2020-03-16T07:21:08Z","UCe_EvY8GrvYgx8PbwRBc75g","MU-TON.vs.S-kaine.凱旋MCbattle東西選抜冬ノ陣2020.ベスト4","1410052","16687","363","0","2308","2020-07-09 20:41:47"
"AejxJ8B8gXw","http://youtube.com/watch?v=AejxJ8B8gXw","2018-12-09T12:21:05Z","UCe_EvY8GrvYgx8PbwRBc75g","ID vs SANTAWORLDVIEW/凱旋MCbattle × Nation Of Klang 本戦 @渋谷VUENOS","250890","2201","57","0","664","2020-07-09 20:41:47"
"mGMmBCRdB9s","http://youtube.com/watch?v=mGMmBCRdB9s","2018-07-13T08:04:25Z","UCe_EvY8GrvYgx8PbwRBc75g","SHOHEI.vs.ScoobyJ.凱旋MCbattle東西選抜1回戦第十五試合","64259","954","10","0","182","2020-07-09 20:41:47"
"3hBioptkn3M","http://youtube.com/watch?v=3hBioptkn3M","2020-01-08T09:46:24Z","UCe_EvY8GrvYgx8PbwRBc75g","ScoobyJ.vs.N0uTY.凱旋MCbattle×COREfestival","93440","1374","21","0","222","2020-07-09 20:41:47"
"iLWFHCqpQB8","http://youtube.com/watch?v=iLWFHCqpQB8","2019-09-03T06:43:16Z","UCe_EvY8GrvYgx8PbwRBc75g","ScoobyJ.vs.だーひー【延長戦】凱旋MC battle東西選抜夏ノ陣2019.シード戦","127891","1756","29","0","306","2020-07-09 20:41:47"
"vsIuV6foYUg","http://youtube.com/watch?v=vsIuV6foYUg","2019-05-26T12:05:09Z","UCe_EvY8GrvYgx8PbwRBc75g","MC☆ニガリa.k.a.赤い稲妻.vs.キョンス.凱旋MC battle東西選抜春ノ陣2019.ベスト8","212191","2115","39","0","358","2020-07-09 20:41:47"
"Zte_nYK7XjA","http://youtube.com/watch?v=Zte_nYK7XjA","2020-02-26T06:42:20Z","UCe_EvY8GrvYgx8PbwRBc75g","BALA a.k.a.SBKNvsCIMA.凱旋MCbattle東西選抜冬ノ陣2020.ベスト32","261275","3460","67","0","907","2020-07-09 20:41:47"
"BVWUkIcOPmQ","http://youtube.com/watch?v=BVWUkIcOPmQ","2019-11-23T11:17:21Z","UCe_EvY8GrvYgx8PbwRBc75g","SAM×晋平太vsふぁんく×KZ【延長戦】凱旋MCbattle東西選抜秋ノ陣2019シード戦","157894","2616","29","0","71","2020-07-09 20:41:47"
"r8F2MYQj1vI","http://youtube.com/watch?v=r8F2MYQj1vI","2019-11-20T07:58:07Z","UCe_EvY8GrvYgx8PbwRBc75g","SAM×韻マン×晋平太vsふぁんく×KZ×KBD.凱旋MC battle東西選抜秋ノ陣2019シード戦","350883","4507","61","0","119","2020-07-09 20:41:47"
"uGCbCNvj924","http://youtube.com/watch?v=uGCbCNvj924","2019-09-14T10:02:56Z","UCe_EvY8GrvYgx8PbwRBc75g","Authority.vs.スナフキン.凱旋MCbattle東西選抜夏ノ陣2019.準決勝","499945","5090","113","0","1120","2020-07-09 20:41:47"
"NdmsYm5XZHg","http://youtube.com/watch?v=NdmsYm5XZHg","2019-08-31T08:30:15Z","UCe_EvY8GrvYgx8PbwRBc75g","梵頭.vs.K-razy.凱旋MC battle東西選抜夏ノ陣2019シード戦","228751","2514","48","0","787","2020-07-09 20:41:47"
"ytzSu7EyujU","http://youtube.com/watch?v=ytzSu7EyujU","2019-05-04T07:13:25Z","UCe_EvY8GrvYgx8PbwRBc75g","ふぁんく vs SHOHEI.凱旋MC battle東西選抜春ノ陣2019.1回戦","159674","1735","25","0","362","2020-07-09 20:41:47"
"un0lAKZSeXc","http://youtube.com/watch?v=un0lAKZSeXc","2020-02-19T07:04:53Z","UCe_EvY8GrvYgx8PbwRBc75g","BASE.vs.しぇん.凱旋MCbattle東西選抜冬ノ陣2020.ベスト32","180365","2574","34","0","365","2020-07-09 20:41:47"
"8DaTAHeMsC0","http://youtube.com/watch?v=8DaTAHeMsC0","2019-08-21T06:26:20Z","UCe_EvY8GrvYgx8PbwRBc75g","GOTIT.vs.ミメイ.凱旋MC battle東西選抜夏ノ陣2019.1回戦","207774","2458","42","0","554","2020-07-09 20:41:47"
"oZqwUOZBpmg","http://youtube.com/watch?v=oZqwUOZBpmg","2019-05-25T11:46:30Z","UCe_EvY8GrvYgx8PbwRBc75g","ミメイ vs 智大.凱旋MC battle東西選抜春ノ陣2019.ベスト8","251842","2433","54","0","457","2020-07-09 20:41:47"
"UYLk5lzO8fg","http://youtube.com/watch?v=UYLk5lzO8fg","2020-03-05T08:01:56Z","UCe_EvY8GrvYgx8PbwRBc75g","BASEvs影賭.凱旋MCbattle東西選抜冬ノ陣2020.ベスト16","148131","2203","44","0","560","2020-07-09 20:41:47"
"goDJw7loE3k","http://youtube.com/watch?v=goDJw7loE3k","2019-12-02T07:42:32Z","UCe_EvY8GrvYgx8PbwRBc75g","呂布カルマ×BASE×K.Lee.vs.CIMA×S-kaine×RAGSHOT.凱旋MCbattle東西選抜秋ノ陣2019準決勝","273089","4114","48","0","124","2020-07-09 20:41:47"
"Dr8e7_p5JwA","http://youtube.com/watch?v=Dr8e7_p5JwA","2019-04-27T03:13:38Z","UCe_EvY8GrvYgx8PbwRBc75g","じょう vs U-mallow.凱旋MC battle東西選抜春ノ陣2019.1回戦","270904","2835","58","0","411","2020-07-09 20:41:47"
"op753OTTI88","http://youtube.com/watch?v=op753OTTI88","2019-05-11T14:22:44Z","UCe_EvY8GrvYgx8PbwRBc75g","スターク vs Authority【延長】凱旋MC battle東西選抜春ノ陣2019.シード戦","222617","2421","33","0","575","2020-07-09 20:41:47"
"3hkW_ip4pv4","http://youtube.com/watch?v=3hkW_ip4pv4","2019-09-10T08:53:04Z","UCe_EvY8GrvYgx8PbwRBc75g","K-razy.vs.MC☆ニガリa.k.a.赤い稲妻.凱旋MC battle東西選抜夏ノ陣2019.ベスト16","197770","2368","49","0","356","2020-07-09 20:41:47"
"e-jQzfDJyyA","http://youtube.com/watch?v=e-jQzfDJyyA","2018-10-11T05:05:22Z","UCe_EvY8GrvYgx8PbwRBc75g","ミメイ.vs.ミステリオ.凱旋MCbattle1周年party準決勝@渋谷VUENOS","349671","3510","52","0","551","2020-07-09 20:41:47"
"eGeK1rX2Pzg","http://youtube.com/watch?v=eGeK1rX2Pzg","2019-09-16T10:01:37Z","UCe_EvY8GrvYgx8PbwRBc75g","Authority.vs.U-mallow.凱旋MCbattle東西選抜夏ノ陣2019.決勝戦","1048435","12562","152","0","1513","2020-07-09 20:41:47"
"CyeHUEJpD5g","http://youtube.com/watch?v=CyeHUEJpD5g","2019-09-12T09:37:03Z","UCe_EvY8GrvYgx8PbwRBc75g","スナフキン.vs.MC☆ニガリa.k.a赤い稲妻.凱旋MC battle東西選抜夏ノ陣2019.ベスト8","319291","3517","105","0","825","2020-07-09 20:41:47"
"KLBz1yEchKU","http://youtube.com/watch?v=KLBz1yEchKU","2019-05-19T13:43:18Z","UCe_EvY8GrvYgx8PbwRBc75g","【延長】じょう vs NAIKAMC.凱旋MC battle東西選抜春ノ陣2019.ベスト16","432053","4341","107","0","511","2020-07-09 20:41:47"
"Bqv1_v6SuBg","http://youtube.com/watch?v=Bqv1_v6SuBg","2018-07-26T08:52:14Z","UCe_EvY8GrvYgx8PbwRBc75g","U-mallow.vs.八文字.凱旋MCbattle東西選抜ベスト16.6試合目","108049","1038","28","0","306","2020-07-09 20:41:47"
"dK9llZ5Z7TE","http://youtube.com/watch?v=dK9llZ5Z7TE","2019-09-13T08:17:06Z","UCe_EvY8GrvYgx8PbwRBc75g","バチスタ.vs.U-mallow.凱旋MCbattle東西選抜夏ノ陣2019.ベスト8","108125","1411","29","0","204","2020-07-09 20:41:48"
"zj6e18Qf-2c","http://youtube.com/watch?v=zj6e18Qf-2c","2019-09-11T08:18:27Z","UCe_EvY8GrvYgx8PbwRBc75g","NAIKAMC.vs.スナフキン.凱旋MCbattle東西選抜夏ノ陣2019.ベスト16","138945","1623","38","0","409","2020-07-09 20:41:48"
"7BT0johOhAU","http://youtube.com/watch?v=7BT0johOhAU","2020-03-01T08:24:39Z","UCe_EvY8GrvYgx8PbwRBc75g","ミステリオvsD.D.S.凱旋MCbattle東西選抜冬ノ陣2020.ベスト32","189184","2883","60","0","841","2020-07-09 20:41:48"
"h3K5NM6djpg","http://youtube.com/watch?v=h3K5NM6djpg","2020-02-06T07:42:50Z","UCe_EvY8GrvYgx8PbwRBc75g","左流vsミメイ.凱旋MCbattle東西選抜冬ノ陣2020.1回戦","260863","3787","67","0","629","2020-07-09 20:41:48"
"UaPF4UyKarg","http://youtube.com/watch?v=UaPF4UyKarg","2019-06-19T15:11:27Z","UCe_EvY8GrvYgx8PbwRBc75g","9for.vs.ミステリオ【名古屋編】凱旋MC battle×STAGEAVENGRA","59946","789","16","0","103","2020-07-09 20:41:48"
"24d8r9V9iVQ","http://youtube.com/watch?v=24d8r9V9iVQ","2019-05-14T09:11:24Z","UCe_EvY8GrvYgx8PbwRBc75g","Scooby J vs 晋平太.凱旋MC battle東西選抜春ノ陣2019.シード戦","187369","2284","35","0","301","2020-07-09 20:41:48"
"s1jSDI67EJo","http://youtube.com/watch?v=s1jSDI67EJo","2019-11-25T11:11:14Z","UCe_EvY8GrvYgx8PbwRBc75g","だーひー×バチスタvsスナフキン×PONEY.凱旋MCbattle東西選抜秋ノ陣2019","132440","2005","22","0","39","2020-07-09 20:41:48"
"HwcrRibsq5Q","http://youtube.com/watch?v=HwcrRibsq5Q","2018-07-28T11:55:15Z","UCe_EvY8GrvYgx8PbwRBc75g","キョンス.vs.K-razy.凱旋MCbattle東西選抜ベスト8.2試合目","76562","1065","18","0","215","2020-07-09 20:41:48"
"1XBAz-i_9vc","http://youtube.com/watch?v=1XBAz-i_9vc","2019-05-10T07:07:31Z","UCe_EvY8GrvYgx8PbwRBc75g","Authority.vs.スターク.凱旋MC battle東西選抜春ノ陣2019.シード戦","329873","2685","61","0","697","2020-07-09 20:41:48"
"161kaGWT7xw","http://youtube.com/watch?v=161kaGWT7xw","2020-02-03T06:51:03Z","UCe_EvY8GrvYgx8PbwRBc75g","しぇんvsRACK.凱旋MCbattle東西選抜冬ノ陣2020.1回戦","184508","2603","44","0","544","2020-07-09 20:41:48"
"97qKrvImegY","http://youtube.com/watch?v=97qKrvImegY","2018-07-29T07:16:20Z","UCe_EvY8GrvYgx8PbwRBc75g","U-mallow.vs.がーどまん.凱旋MCbattle東西選抜ベスト8.3試合目","104903","1058","16","0","207","2020-07-09 20:41:48"
"cGzEoi7q-H8","http://youtube.com/watch?v=cGzEoi7q-H8","2019-01-22T11:30:55Z","UCe_EvY8GrvYgx8PbwRBc75g","K''iLLvs百足.凱旋.vs.MRJ","60400","932","14","0","276","2020-07-09 20:41:48"
"xhSxeSe83a0","http://youtube.com/watch?v=xhSxeSe83a0","2018-07-29T07:17:34Z","UCe_EvY8GrvYgx8PbwRBc75g","MAKA.vs.ScoobyJ.凱旋MCbattle東西選抜ベスト8.4試合目","41509","612","7","0","128","2020-07-09 20:41:48"
"5NYRHMQWvVg","http://youtube.com/watch?v=5NYRHMQWvVg","2018-12-05T09:49:32Z","UCe_EvY8GrvYgx8PbwRBc75g","SANTAWORLDVIEW vs ミメイ/凱旋MCbattle × Nation Of Klang 本戦 @渋谷VUENOS","146717","1258","31","0","414","2020-07-09 20:41:48"
"JSzdEeuNBU8","http://youtube.com/watch?v=JSzdEeuNBU8","2020-02-23T05:38:45Z","UCe_EvY8GrvYgx8PbwRBc75g","NAIKAMC.vs.NillNico.凱旋MCbattle東西選抜冬ノ陣2020.ベスト32","191815","2959","59","0","490","2020-07-09 20:41:48"
"AQJ6d5A1aYw","http://youtube.com/watch?v=AQJ6d5A1aYw","2019-09-08T08:54:23Z","UCe_EvY8GrvYgx8PbwRBc75g","八咫烏.vs.Authority.凱旋MC battle東西選抜夏ノ陣2019.ベスト16","427023","5239","69","0","663","2020-07-09 20:41:48"
"DhQXb-8d2PM","http://youtube.com/watch?v=DhQXb-8d2PM","2019-08-27T14:28:44Z","UCe_EvY8GrvYgx8PbwRBc75g","八咫烏.vs.DARK.【延長戦】凱旋MC battle東西選抜夏ノ陣2019.シード戦","270110","3209","63","0","575","2020-07-09 20:41:48"
"GAx_z5KZ_Tw","http://youtube.com/watch?v=GAx_z5KZ_Tw","2018-07-26T07:21:55Z","UCe_EvY8GrvYgx8PbwRBc75g","D0raham.vs.がーどまん.凱旋MCbattle東西選抜ベスト16.5試合目","65737","625","19","0","287","2020-07-09 20:41:48"
"cmhXlNL53BE","http://youtube.com/watch?v=cmhXlNL53BE","2018-07-27T10:28:55Z","UCe_EvY8GrvYgx8PbwRBc75g","ミステリオ.vs.ScoobyJ.凱旋MCbattle東西選抜.ベスト16.8試合目","61629","596","11","0","173","2020-07-09 20:41:48"
"uSSmbRhwTRE","http://youtube.com/watch?v=uSSmbRhwTRE","2019-09-13T08:10:08Z","UCe_EvY8GrvYgx8PbwRBc75g","スナフキン.vs.MC☆ニガリa.k.a赤い稲妻【延長戦】凱旋MCbattle東西選抜夏ノ陣2019.ベスト8","242468","2938","56","0","586","2020-07-09 20:41:48"
"Z78-f9jWuzk","http://youtube.com/watch?v=Z78-f9jWuzk","2019-05-23T07:57:53Z","UCe_EvY8GrvYgx8PbwRBc75g","智大 vs K-razy.凱旋MC battle東西選抜春ノ陣2019.ベスト16","141788","1412","32","0","269","2020-07-09 20:41:48"
"vwEswuuYGhU","http://youtube.com/watch?v=vwEswuuYGhU","2020-02-24T05:52:48Z","UCe_EvY8GrvYgx8PbwRBc75g","Fuma no KTR.vs.バチスタ.凱旋MCbattle東西選抜冬ノ陣2020.ベスト32","239384","3575","80","0","648","2020-07-09 20:41:48"
"65_VpHI56BM","http://youtube.com/watch?v=65_VpHI56BM","2019-05-24T08:51:11Z","UCe_EvY8GrvYgx8PbwRBc75g","じょう vs CIMA.凱旋MC battle東西選抜春ノ陣ベスト8","178274","1773","45","0","332","2020-07-09 20:41:48"
"8UieycKgR84","http://youtube.com/watch?v=8UieycKgR84","2018-07-25T05:53:32Z","UCe_EvY8GrvYgx8PbwRBc75g","藤KooS.vs.TERU.凱旋MCbattle東西選抜ベスト16.1試合目","938837","10480","187","0","1241","2020-07-09 20:41:48"
"dkGlSGKX2EE","http://youtube.com/watch?v=dkGlSGKX2EE","2020-03-12T08:00:55Z","UCe_EvY8GrvYgx8PbwRBc75g","S-kaine.vs.影賭.凱旋MCbattle東西選抜冬ノ陣2020.ベスト8","377298","5683","79","0","1445","2020-07-09 20:41:48"
"R35iJcTm_kQ","http://youtube.com/watch?v=R35iJcTm_kQ","2019-09-05T05:28:13Z","UCe_EvY8GrvYgx8PbwRBc75g","バチスタ.vs.PONEY.凱旋MC battle東西選抜夏ノ陣2019.シード戦","135717","1686","29","0","405","2020-07-09 20:41:48"
"sUEtLHq1rt8","http://youtube.com/watch?v=sUEtLHq1rt8","2019-11-18T15:44:19Z","UCe_EvY8GrvYgx8PbwRBc75g","NillNicoxゴギガギガキゴvsハハノシキュウA×ハハノシキュウB.凱旋MCbattle東西選抜秋ノ陣2019","288522","4043","192","0","NA","2020-07-09 20:41:48"
"a_nOLYu5NFk","http://youtube.com/watch?v=a_nOLYu5NFk","2018-07-24T11:45:57Z","UCe_EvY8GrvYgx8PbwRBc75g","ミステリオ.vs.Kill.凱旋MCbattleシード戦16試合目","51641","504","8","0","108","2020-07-09 20:41:48"
"nWhqoXqIUxA","http://youtube.com/watch?v=nWhqoXqIUxA","2019-05-05T12:02:53Z","UCe_EvY8GrvYgx8PbwRBc75g","KZ vs 黄猿.凱旋MC battle東西選抜春ノ陣2019.1回戦","140689","1845","39","0","339","2020-07-09 20:41:48"
"0h8uiyQ1Dts","http://youtube.com/watch?v=0h8uiyQ1Dts","2019-05-13T09:03:47Z","UCe_EvY8GrvYgx8PbwRBc75g","siva vs 9for.凱旋MC battle東西選抜春ノ陣2019.シード戦","120488","1399","21","0","331","2020-07-09 20:41:48"
"IWAvk5qn08s","http://youtube.com/watch?v=IWAvk5qn08s","2019-09-09T09:26:50Z","UCe_EvY8GrvYgx8PbwRBc75g","じょう.vs.HARDY.凱旋MCbattle東西選抜夏ノ陣2019.ベスト16","148386","1815","65","0","543","2020-07-09 20:41:48"
"-Il6a_HlLO8","http://youtube.com/watch?v=-Il6a_HlLO8","2019-09-05T05:36:30Z","UCe_EvY8GrvYgx8PbwRBc75g","HIDADDY vs U-mallow 凱旋MC battle東西選抜夏ノ陣2019.シード戦","137033","1816","49","0","259","2020-07-09 20:41:48"
"XOMlBJ21yh0","http://youtube.com/watch?v=XOMlBJ21yh0","2019-08-29T08:03:36Z","UCe_EvY8GrvYgx8PbwRBc75g","JAKE.vs.ACE.凱旋MC battle東西選抜夏ノ陣2019.シード戦","173822","2029","55","0","525","2020-07-09 20:41:48"
"SMUNPJli0c0","http://youtube.com/watch?v=SMUNPJli0c0","2019-05-28T07:10:38Z","UCe_EvY8GrvYgx8PbwRBc75g","智大 vs CIMA.凱旋MC battle東西選抜春ノ陣2019.準決勝","234052","2309","39","0","358","2020-07-09 20:41:48"
"9b8m5Z_qo3U","http://youtube.com/watch?v=9b8m5Z_qo3U","2019-05-02T05:57:05Z","UCe_EvY8GrvYgx8PbwRBc75g","SURRY.vs. MC☆ニガリa.k.a赤い稲妻.凱旋MC battle東西選抜春ノ陣2019.1回戦","334108","2771","61","0","754","2020-07-09 20:41:48"
"YI0WfmSTFgw","http://youtube.com/watch?v=YI0WfmSTFgw","2018-10-07T12:49:55Z","UCe_EvY8GrvYgx8PbwRBc75g","十六夜.vs.がーどまん.凱旋MCbattle1周年partyベスト16.@渋谷VUENOS","56036","622","12","0","147","2020-07-09 20:41:48"
"XzwTQpIS3GI","http://youtube.com/watch?v=XzwTQpIS3GI","2019-06-19T15:20:07Z","UCe_EvY8GrvYgx8PbwRBc75g","ミメイvs  A.P.L【名古屋編】凱旋MC battle×STAGEAVENGRA","68631","641","27","0","240","2020-07-09 20:41:48"
"wNaoYDlHsFA","http://youtube.com/watch?v=wNaoYDlHsFA","2020-02-15T08:47:52Z","UCe_EvY8GrvYgx8PbwRBc75g","ScoobyJvsDARK.凱旋MCbattle東西選抜冬ノ陣2020.1回戦","174665","2835","39","0","506","2020-07-09 20:41:48"
"6XpuDpgIKkI","http://youtube.com/watch?v=6XpuDpgIKkI","2019-11-28T10:17:52Z","UCe_EvY8GrvYgx8PbwRBc75g","CIMA×RAGSHOT×S-kaine.vs.MC松島×ハハノシキュウA×ハハノシキュウB.凱旋MCbattle東西選抜秋ノ陣2019シード戦","96690","1266","26","0","41","2020-07-09 20:41:48"
"-xAWs42YH_I","http://youtube.com/watch?v=-xAWs42YH_I","2019-05-09T04:56:55Z","UCe_EvY8GrvYgx8PbwRBc75g","MAKA vs SNAFKN.凱旋MC battle東西選抜春ノ陣2019.シード戦","270621","2889","49","0","437","2020-07-09 20:41:48"
"_2_FZC3xoWs","http://youtube.com/watch?v=_2_FZC3xoWs","2019-05-21T08:40:14Z","UCe_EvY8GrvYgx8PbwRBc75g","ふぁんく.vs.SNAFKN.凱旋MC battle東西選抜春ノ陣ベスト16","172440","1749","38","0","397","2020-07-09 20:41:48"
"I1KJsEy-Hgo","http://youtube.com/watch?v=I1KJsEy-Hgo","2019-01-22T10:13:36Z","UCe_EvY8GrvYgx8PbwRBc75g","9forvsミメイ.凱旋vsMRJ","49919","973","10","0","207","2020-07-09 20:41:48"
"azr80MulpSY","http://youtube.com/watch?v=azr80MulpSY","2019-09-05T06:18:25Z","UCe_EvY8GrvYgx8PbwRBc75g","HARDY.vs.FRANKEN.凱旋MCbattle東西選抜夏ノ陣2019.シード戦","122652","1318","46","0","513","2020-07-09 20:41:48"
"Ei4psQsVs5A","http://youtube.com/watch?v=Ei4psQsVs5A","2018-07-24T10:00:32Z","UCe_EvY8GrvYgx8PbwRBc75g","ScoobyJ.vs.ミメイ.凱旋MCbattle東西選抜シード戦15試合目","89961","1024","18","0","182","2020-07-09 20:41:48"
"3jWTYEaS6Pk","http://youtube.com/watch?v=3jWTYEaS6Pk","2019-05-13T08:04:17Z","UCe_EvY8GrvYgx8PbwRBc75g","NAIKA MC vs 山本びんた.凱旋MC battle東西選抜春ノ陣2019.シード戦","108515","1063","22","0","216","2020-07-09 20:41:48"
"KyIS5AdIMh0","http://youtube.com/watch?v=KyIS5AdIMh0","2019-07-21T12:18:51Z","UCe_EvY8GrvYgx8PbwRBc75g","百足.vs.N0uTY【広島編】凱旋MC battle","40423","606","9","0","137","2020-07-09 20:41:48"
"RMr3wMqpg08","http://youtube.com/watch?v=RMr3wMqpg08","2019-08-25T09:21:49Z","UCe_EvY8GrvYgx8PbwRBc75g","BASE.vs.KOOPA.凱旋MC battle東西選抜夏ノ陣.１回戦","143670","1818","42","0","345","2020-07-09 20:41:48"
"68ovQE-MioU","http://youtube.com/watch?v=68ovQE-MioU","2018-10-13T10:31:02Z","UCe_EvY8GrvYgx8PbwRBc75g","影賭.vs.ミメイ.凱旋MCbattle1周年party決勝@渋谷VUENOS","54169","725","7","0","128","2020-07-09 20:41:48"
"4ZdXtj5lDMo","http://youtube.com/watch?v=4ZdXtj5lDMo","2019-08-19T07:06:03Z","UCe_EvY8GrvYgx8PbwRBc75g","D.D.S.vs.DARK.凱旋MC battle東西選抜夏ノ陣2019.1回戦","128644","1458","38","0","284","2020-07-09 20:41:48"
"YvmSzzPwkIU","http://youtube.com/watch?v=YvmSzzPwkIU","2019-07-21T12:20:42Z","UCe_EvY8GrvYgx8PbwRBc75g","ミステリオ.vs.TERU【広島編】凱旋MC battle","34089","465","9","0","97","2020-07-09 20:41:48"
"pxPNWzJ2DPo","http://youtube.com/watch?v=pxPNWzJ2DPo","2018-08-08T10:14:18Z","UCe_EvY8GrvYgx8PbwRBc75g","U-mallow.vs.Tok10.凱旋MCbattleベストバウト","17797","359","3","0","47","2020-07-09 20:41:49"
"46ARxw-jt2A","http://youtube.com/watch?v=46ARxw-jt2A","2019-09-03T06:40:43Z","UCe_EvY8GrvYgx8PbwRBc75g","NAIKAMC.vs.キョンス.【延長戦】凱旋MC battle東西選抜夏ノ陣2019.シード戦","98144","1054","29","0","218","2020-07-09 20:41:49"
"Pimg1KHsjNY","http://youtube.com/watch?v=Pimg1KHsjNY","2019-11-28T11:59:41Z","UCe_EvY8GrvYgx8PbwRBc75g","RAGSHOT×S-kaine.vs.MC松島×ハハノシキュウA.凱旋MCbattle東西選抜秋ノ陣2019シード戦","81124","910","22","0","35","2020-07-09 20:41:49"
"GXKJfkT1ze0","http://youtube.com/watch?v=GXKJfkT1ze0","2019-11-29T08:02:24Z","UCe_EvY8GrvYgx8PbwRBc75g","CIMAvsハハノシキュウA.凱旋MCbattle東西選抜秋ノ陣2019シード戦","92004","1189","24","0","33","2020-07-09 20:41:49"
"CAPENJWFCc8","http://youtube.com/watch?v=CAPENJWFCc8","2018-07-30T08:12:30Z","UCe_EvY8GrvYgx8PbwRBc75g","K-razy.vs.藤KooS.凱旋MCbattle東西選抜準決勝1試合目","176715","1410","42","0","409","2020-07-09 20:41:49"
"FX8a4r6jgW8","http://youtube.com/watch?v=FX8a4r6jgW8","2020-02-16T08:35:02Z","UCe_EvY8GrvYgx8PbwRBc75g","Donatello.vs .だーひー.凱旋MCbattle東西選抜冬ノ陣2020.1回戦","161071","2461","71","0","786","2020-07-09 20:41:49"
"a1zhgIPyP3Y","http://youtube.com/watch?v=a1zhgIPyP3Y","2019-09-02T06:52:18Z","UCe_EvY8GrvYgx8PbwRBc75g","NAIKAMC.vs.キョンス.凱旋MC battle東西選抜夏ノ陣2019.シード戦","120753","1288","34","0","311","2020-07-09 20:41:49"
"c4Q5lcjYEQc","http://youtube.com/watch?v=c4Q5lcjYEQc","2019-05-15T05:22:39Z","UCe_EvY8GrvYgx8PbwRBc75g","ふぁんくvs KUREI.凱旋MC battle東西選抜春ノ陣2019.シード戦","109831","997","19","0","316","2020-07-09 20:41:49"
"dQXeNA61ljs","http://youtube.com/watch?v=dQXeNA61ljs","2019-05-06T06:56:35Z","UCe_EvY8GrvYgx8PbwRBc75g","キョンス vs BATTLE手裏剣.凱旋MC battle東西選抜春ノ陣2019.1回戦","160373","1719","38","0","450","2020-07-09 20:41:49"
"Cg15o0uD6MY","http://youtube.com/watch?v=Cg15o0uD6MY","2018-07-07T11:19:31Z","UCe_EvY8GrvYgx8PbwRBc75g","D0raham.vs,NillNico.凱旋MCbattle東西選抜.1回戦第九試合","61397","494","23","0","160","2020-07-09 20:41:49"
"lJ741ccjwvo","http://youtube.com/watch?v=lJ741ccjwvo","2018-08-05T17:15:21Z","UCe_EvY8GrvYgx8PbwRBc75g","TERA_Z.vs.T-TANGG.凱旋MCbattle","55727","895","11","0","98","2020-07-09 20:41:49"
"Aa0XavBhh8M","http://youtube.com/watch?v=Aa0XavBhh8M","2019-05-15T10:53:21Z","UCe_EvY8GrvYgx8PbwRBc75g","キョンス vs影賭.凱旋MC battle東西選抜春ノ陣2019.シード戦","86949","1192","23","0","293","2020-07-09 20:41:49"
"UP3r-AnF4Po","http://youtube.com/watch?v=UP3r-AnF4Po","2018-07-31T04:54:18Z","UCe_EvY8GrvYgx8PbwRBc75g","K-razy.vs.MAKA.凱旋MCbattle東西選抜決勝戦","104568","1485","41","0","320","2020-07-09 20:41:49"
"dG0ZKvxQeZo","http://youtube.com/watch?v=dG0ZKvxQeZo","2019-04-28T06:55:46Z","UCe_EvY8GrvYgx8PbwRBc75g","CIMA vs VENOM.凱旋MC battle東西選抜春ノ陣2019.1回戦","140874","1312","47","0","363","2020-07-09 20:41:49"
"0uyWFFLC45o","http://youtube.com/watch?v=0uyWFFLC45o","2020-01-09T07:12:55Z","UCe_EvY8GrvYgx8PbwRBc75g","ミステリオvsBOZ.凱旋MCbattle×COREfestival","39784","599","22","0","155","2020-07-09 20:41:49"
"xEoUYRlNpk4","http://youtube.com/watch?v=xEoUYRlNpk4","2019-06-12T15:51:33Z","UCe_EvY8GrvYgx8PbwRBc75g","9for.vs.陽low.【名古屋編】凱旋MC battle×STAGEAVENGER","39354","484","12","0","103","2020-07-09 20:41:49"
"5bpMg_Y-zDU","http://youtube.com/watch?v=5bpMg_Y-zDU","2018-07-20T08:48:58Z","UCe_EvY8GrvYgx8PbwRBc75g","K-razy.vs.HOWZE.凱旋MCbattleシード戦5試合目","24922","301","5","0","109","2020-07-09 20:41:49"
"gdI55PiIGXA","http://youtube.com/watch?v=gdI55PiIGXA","2018-08-05T17:18:40Z","UCe_EvY8GrvYgx8PbwRBc75g","9for.vs.jole.凱旋MCbattle","14049","307","3","0","34","2020-07-09 20:41:49"
"a2-Uaebi0HA","http://youtube.com/watch?v=a2-Uaebi0HA","2019-06-12T16:12:10Z","UCe_EvY8GrvYgx8PbwRBc75g","百足.vs.DiA.【名古屋編】凱旋MC battle×STAGEAVENGER","71166","813","27","0","111","2020-07-09 20:41:49"
"IBLcyXuSK28","http://youtube.com/watch?v=IBLcyXuSK28","2018-07-22T08:13:16Z","UCe_EvY8GrvYgx8PbwRBc75g","SHABAZ.vs.D0raham.凱旋MCbattle東西選抜シード戦9試合目","64545","628","24","0","233","2020-07-09 20:41:49"
"uX5ZzDZGKMY","http://youtube.com/watch?v=uX5ZzDZGKMY","2019-05-03T04:56:25Z","UCe_EvY8GrvYgx8PbwRBc75g","9for vs KBD.凱旋MC battle東西選抜春ノ陣2019.1回戦","177483","1694","57","0","557","2020-07-09 20:41:49"
"Q-hAo-4jJxo","http://youtube.com/watch?v=Q-hAo-4jJxo","2019-05-15T07:17:51Z","UCe_EvY8GrvYgx8PbwRBc75g","黄猿 vs SPIRAL.凱旋MC battle東西選抜春ノ陣2019.シード戦","54261","556","13","0","138","2020-07-09 20:41:49"
"K4_cImPSHFU","http://youtube.com/watch?v=K4_cImPSHFU","2018-08-22T07:17:15Z","UCe_EvY8GrvYgx8PbwRBc75g","凱旋MCbattle.NEWgeneration.ベストバウト.Qoredy.vs.百足","31327","614","6","0","170","2020-07-09 20:41:49"
"mlKhGnR7WHw","http://youtube.com/watch?v=mlKhGnR7WHw","2018-07-04T10:28:38Z","UCe_EvY8GrvYgx8PbwRBc75g","JOE.vs.T-swagg.凱旋MCbattle東西選抜.1回戦第六試合","34328","351","15","0","105","2020-07-09 20:41:49"
"aQhfPOUZjvA","http://youtube.com/watch?v=aQhfPOUZjvA","2018-07-30T10:29:10Z","UCe_EvY8GrvYgx8PbwRBc75g","MAKA.vs.U-mallow.凱旋MCbattle東西選抜準決勝2試合目","120248","1292","25","0","318","2020-07-09 20:41:49"
"lFbi7IzEJsU","http://youtube.com/watch?v=lFbi7IzEJsU","2018-12-08T09:00:12Z","UCe_EvY8GrvYgx8PbwRBc75g","亞夢 vs 百足/凱旋MCbattle × Nation Of Klang 本戦 @渋谷VUENOS","67463","846","13","0","251","2020-07-09 20:41:49"
"SIFL0Uc_tls","http://youtube.com/watch?v=SIFL0Uc_tls","2019-12-04T08:08:25Z","UCe_EvY8GrvYgx8PbwRBc75g","BASE×K.Lee.vs.CIMA×RAGSHOT.凱旋MCbattle東西選抜秋ノ陣2019準決勝","108193","1289","30","0","288","2020-07-09 20:41:49"
"f4U7Hi91tMM","http://youtube.com/watch?v=f4U7Hi91tMM","2018-10-09T04:51:00Z","UCe_EvY8GrvYgx8PbwRBc75g","SHOHEI.vs.よんろく.凱旋MCbattle1周年partyベスト8.@渋谷VUENOS","13359","190","1","0","83","2020-07-09 20:41:49"
"x6QmcXEnAgw","http://youtube.com/watch?v=x6QmcXEnAgw","2019-05-23T05:03:32Z","UCe_EvY8GrvYgx8PbwRBc75g","キョンス vs 黄猿.凱旋MC battle東西選抜春ノ陣2019.ベスト16","65607","646","25","0","239","2020-07-09 20:41:49"
"bpc-nSu4aW0","http://youtube.com/watch?v=bpc-nSu4aW0","2018-08-08T10:16:07Z","UCe_EvY8GrvYgx8PbwRBc75g","T-TANGG.vs.Masa&トラヴィス・スットコ.凱旋MCbattleベストバウト","22735","505","6","0","87","2020-07-09 20:41:49"
"phJsWU_eZGQ","http://youtube.com/watch?v=phJsWU_eZGQ","2018-07-19T07:59:34Z","UCe_EvY8GrvYgx8PbwRBc75g","蛆密.vs.TERU.凱旋MCbattle東西選抜シード戦2試合目","68380","584","21","0","184","2020-07-09 20:41:49"
"_L86t4tcAk4","http://youtube.com/watch?v=_L86t4tcAk4","2018-07-20T10:32:08Z","UCe_EvY8GrvYgx8PbwRBc75g","晋平太.vs.JOE.凱旋MCbattle東西選抜シード戦6試合","33579","390","10","0","97","2020-07-09 20:41:49"
"zE65J_BqBs8","http://youtube.com/watch?v=zE65J_BqBs8","2019-11-26T07:38:53Z","UCe_EvY8GrvYgx8PbwRBc75g","BASE×K.Lee.vs.JAKE×山本ビンタ凱旋MCbattle東西選抜秋ノ陣2019シード戦","90351","854","29","0","220","2020-07-09 20:41:49"
"W5TlMwlZVKM","http://youtube.com/watch?v=W5TlMwlZVKM","2018-07-01T09:57:40Z","UCe_EvY8GrvYgx8PbwRBc75g","TERU.vs.ワイジニアス凱旋MCbattle東西選抜1回戦.第二試合","109809","952","37","0","279","2020-07-09 20:41:49"
"9DfHPeld73g","http://youtube.com/watch?v=9DfHPeld73g","2018-12-04T08:43:21Z","UCe_EvY8GrvYgx8PbwRBc75g","018 vs 百足/凱旋MCbattle × Nation Of Klang 本戦 @渋谷VUENOS","148836","2032","28","0","301","2020-07-09 20:41:49"
"ZnvnLiljESY","http://youtube.com/watch?v=ZnvnLiljESY","2019-09-05T05:31:32Z","UCe_EvY8GrvYgx8PbwRBc75g","SURRY.vs.BASE.凱旋MCbattle東西選抜夏ノ陣2019.シード戦","92061","863","23","0","275","2020-07-09 20:41:49"
"Wquy6KbdNe0","http://youtube.com/watch?v=Wquy6KbdNe0","2018-12-01T10:28:45Z","UCe_EvY8GrvYgx8PbwRBc75g","ID vs キョンス/凱旋MCbattle × Nation Of Klang 本戦 @渋谷VUENOS","147842","2060","17","0","385","2020-07-09 20:41:49"
"V__XvtnHVlI","http://youtube.com/watch?v=V__XvtnHVlI","2019-04-29T09:43:17Z","UCe_EvY8GrvYgx8PbwRBc75g","TERU vs SNAFKN.凱旋MC battle東西選抜春ノ陣2019.1回戦","231852","2110","51","0","439","2020-07-09 20:41:49"
"HwluK30qTR8","http://youtube.com/watch?v=HwluK30qTR8","2019-03-28T07:01:49Z","UCe_EvY8GrvYgx8PbwRBc75g","スターク.vs.K'ill.凱旋MC battle東西選抜春ノ陣2019予選決勝戦","33666","443","10","0","170","2020-07-09 20:41:49"
"Xm0cywerb3Q","http://youtube.com/watch?v=Xm0cywerb3Q","2019-09-05T05:39:15Z","UCe_EvY8GrvYgx8PbwRBc75g","MULBE.vs.TERU.凱旋MC battle東西選抜夏ノ陣2019.シード戦","129214","1448","31","0","222","2020-07-09 20:41:49"
"TYdraRZ-csY","http://youtube.com/watch?v=TYdraRZ-csY","2019-05-15T05:20:25Z","UCe_EvY8GrvYgx8PbwRBc75g","ミメイ vs MCマロン.凱旋MC battle東西選抜春ノ陣2019.シード戦","85167","882","29","0","305","2020-07-09 20:41:49"
"85gzEXypT68","http://youtube.com/watch?v=85gzEXypT68","2018-08-20T12:38:58Z","UCe_EvY8GrvYgx8PbwRBc75g","凱旋MCbattle.NEWgenerationベスト8.影賭.vs.K-rush","8900","183","2","0","49","2020-07-09 20:41:49"
"IArtpVKtFpw","http://youtube.com/watch?v=IArtpVKtFpw","2019-06-06T09:12:59Z","UCe_EvY8GrvYgx8PbwRBc75g","Kill.vs.狛犬.【名古屋編】凱旋MC battle×STAGEAVENGER.ベスト16","49217","503","23","0","144","2020-07-09 20:41:49"
"LMlW1n-y9sQ","http://youtube.com/watch?v=LMlW1n-y9sQ","2019-09-11T08:21:33Z","UCe_EvY8GrvYgx8PbwRBc75g","MULBE.vs.JAKE.凱旋MCbattle東西選抜夏ノ陣2019.ベスト16","64738","665","22","0","164","2020-07-09 20:41:49"
"tc1_U9joy30","http://youtube.com/watch?v=tc1_U9joy30","2019-05-22T07:55:07Z","UCe_EvY8GrvYgx8PbwRBc75g","Scooby J vs CIMA.凱旋MC battle東西選抜春ノ陣2019.ベスト16","107784","1289","35","0","187","2020-07-09 20:41:49"
"3VUwWMcD64M","http://youtube.com/watch?v=3VUwWMcD64M","2019-05-08T05:17:50Z","UCe_EvY8GrvYgx8PbwRBc75g","GOTIT.vs.K-razy.凱旋MC battle東西選抜春ノ陣2019.シード戦","105717","969","24","0","284","2020-07-09 20:41:49"
"__VnL4U59Hc","http://youtube.com/watch?v=__VnL4U59Hc","2019-07-18T07:19:21Z","UCe_EvY8GrvYgx8PbwRBc75g","百足vs恩者【広島編】凱旋MC battle","57556","941","17","0","204","2020-07-09 20:41:49"
"Ji0t38_t5dE","http://youtube.com/watch?v=Ji0t38_t5dE","2018-10-06T14:18:53Z","UCe_EvY8GrvYgx8PbwRBc75g","SHOHEI.vs.K-razy. 凱旋MCbattle1周年partyベスト16@渋谷VUENOS","18694","296","8","0","104","2020-07-09 20:41:49"
"PYuCMpf569I","http://youtube.com/watch?v=PYuCMpf569I","2018-12-11T09:54:49Z","UCe_EvY8GrvYgx8PbwRBc75g","ID vs バチスタ/凱旋MCbattle × Nation Of Klang 本戦 @渋谷VUENOS","205821","2120","37","0","307","2020-07-09 20:41:49"
"hsA51zAn_j8","http://youtube.com/watch?v=hsA51zAn_j8","2018-06-30T09:38:27Z","UCe_EvY8GrvYgx8PbwRBc75g","MIRIN.vs藤KooS凱旋MCbattle東西選抜.1回戦.第一試合","582634","4114","200","0","1211","2020-07-09 20:41:49"
"20yZ2V4mDaI","http://youtube.com/watch?v=20yZ2V4mDaI","2018-07-06T07:46:50Z","UCe_EvY8GrvYgx8PbwRBc75g","オニサワ.vs.N0uTY.凱旋MCbattle東西選抜1回戦第八試合","31079","307","9","0","99","2020-07-09 20:41:50"
"UrxPldn0-J0","http://youtube.com/watch?v=UrxPldn0-J0","2018-07-03T01:54:31Z","UCe_EvY8GrvYgx8PbwRBc75g","BOZ.vs.K-razy.凱旋MCbattle東西選抜選抜.1回戦第五試合","48096","468","16","0","142","2020-07-09 20:41:50"
"UL95jLT1aAo","http://youtube.com/watch?v=UL95jLT1aAo","2019-09-13T08:21:56Z","UCe_EvY8GrvYgx8PbwRBc75g","MULBE.vs.HARDY.凱旋MCbattle東西選抜夏ノ陣2019.ベスト8","71948","701","24","0","182","2020-07-09 20:41:50"
"L3yHOWesg5I","http://youtube.com/watch?v=L3yHOWesg5I","2020-06-13T08:24:55Z","UCe_EvY8GrvYgx8PbwRBc75g","【アリーナ公演中止】【凱旋MCbattle東西選抜夏ノ陣2020について】","64895","2176","30","0","365","2020-07-09 20:41:50"
"5IS9LXcQySs","http://youtube.com/watch?v=5IS9LXcQySs","2019-05-09T04:59:26Z","UCe_EvY8GrvYgx8PbwRBc75g","百足 vs Miracle.凱旋MC battle東西選抜春ノ陣2019.シード戦","136848","1286","41","0","414","2020-07-09 20:41:50"
"yVvRfwmJG2E","http://youtube.com/watch?v=yVvRfwmJG2E","2018-11-30T13:01:19Z","UCe_EvY8GrvYgx8PbwRBc75g","SANTAWORLDVIEW vs ONO-D/凱旋MCbattle × Nation Of Klang 本戦 @渋谷VUENOS","249526","2354","98","0","524","2020-07-09 20:41:50"
"qahVPhIxaI4","http://youtube.com/watch?v=qahVPhIxaI4","2018-07-21T09:02:21Z","UCe_EvY8GrvYgx8PbwRBc75g","キョンス.vs.N0uTY.凱旋MCbattle東西選抜シード戦8試合目","44354","418","14","0","143","2020-07-09 20:41:50"
"oNWKB3cluIg","http://youtube.com/watch?v=oNWKB3cluIg","2018-07-18T10:47:32Z","UCe_EvY8GrvYgx8PbwRBc75g","Masa&トラヴィス・スットコ.vs.藤KooS.凱旋MCbattle東西選抜シード戦1試合目","106550","1039","27","0","264","2020-07-09 20:41:50"
"zThQgAJO77A","http://youtube.com/watch?v=zThQgAJO77A","2018-10-10T04:59:40Z","UCe_EvY8GrvYgx8PbwRBc75g","キョンス.vs.ミステリオ.凱旋MCbattle1周年partyベスト8.@渋谷VUENOS","46610","727","8","0","95","2020-07-09 20:41:50"
"Tbzy4SJkkDI","http://youtube.com/watch?v=Tbzy4SJkkDI","2018-08-27T09:19:09Z","UCe_EvY8GrvYgx8PbwRBc75g","凱旋MCbattle.NEWgeneration準決勝.百足.vs.SHOHEI","118528","1822","25","0","492","2020-07-09 20:41:50"
"_iENCTP7Jfc","http://youtube.com/watch?v=_iENCTP7Jfc","2019-09-04T10:16:53Z","UCe_EvY8GrvYgx8PbwRBc75g","はなび.vs.スナフキン.凱旋MC battle東西選抜夏ノ陣2019.シード戦","103255","1105","41","0","309","2020-07-09 20:41:50"
"7FtHVeKEDrI","http://youtube.com/watch?v=7FtHVeKEDrI","2019-05-29T08:18:30Z","UCe_EvY8GrvYgx8PbwRBc75g","CIMA.vs.MC☆ニガリa.k.a赤い稲妻.凱旋MC battle東西選抜春ノ陣2019.決勝戦","381250","4817","96","0","727","2020-07-09 20:41:50"
"ioA-ZzHpUI4","http://youtube.com/watch?v=ioA-ZzHpUI4","2019-06-12T15:55:38Z","UCe_EvY8GrvYgx8PbwRBc75g","JOE.vs.桜京.【名古屋編】凱旋MC battle×STAGEAVENGER","11828","146","6","0","57","2020-07-09 20:41:50"
"DdjH7W6ByPQ","http://youtube.com/watch?v=DdjH7W6ByPQ","2019-01-24T04:56:18Z","UCe_EvY8GrvYgx8PbwRBc75g","バチスタvs百足.凱旋.vs.MRJ","46873","727","13","0","205","2020-07-09 20:41:50"
"L1w2CE8MVQw","http://youtube.com/watch?v=L1w2CE8MVQw","2018-08-23T15:18:49Z","UCe_EvY8GrvYgx8PbwRBc75g","凱旋MCbattle.NEWgenerationベスト8.SHOHEI.vs.018","9978","164","1","0","37","2020-07-09 20:41:50"
"uSWQwmVaqMs","http://youtube.com/watch?v=uSWQwmVaqMs","2019-07-18T07:50:54Z","UCe_EvY8GrvYgx8PbwRBc75g","ミステリオvsN0uTY【広島編】凱旋MC battle","26967","439","13","0","89","2020-07-09 20:41:50"
"fr1IYRJxBuQ","http://youtube.com/watch?v=fr1IYRJxBuQ","2018-10-10T04:57:34Z","UCe_EvY8GrvYgx8PbwRBc75g","がーどまん.vs.ミメイ.凱旋MCbattle1周年partyベスト8.@渋谷VUENOS","47277","589","12","0","86","2020-07-09 20:41:50"
"uF5_vcJuff4","http://youtube.com/watch?v=uF5_vcJuff4","2018-12-01T10:29:24Z","UCe_EvY8GrvYgx8PbwRBc75g","NoZu vs ENEMY/凱旋MCbattle × Nation Of Klang 本戦 @渋谷VUENOS","23856","288","4","0","119","2020-07-09 20:41:50"
"GvKMs7X3kTA","http://youtube.com/watch?v=GvKMs7X3kTA","2018-07-19T10:19:08Z","UCe_EvY8GrvYgx8PbwRBc75g","Ｋ-spit.vs.D96.凱旋MCbattle東西選抜シード戦3試合目","22482","180","8","0","84","2020-07-09 20:41:50"
"DmQ3yRyKHLU","http://youtube.com/watch?v=DmQ3yRyKHLU","2018-07-27T05:05:54Z","UCe_EvY8GrvYgx8PbwRBc75g","GOTIT.vs.MAKA.凱旋MCbattle東西選抜ベスト16.7試合目","63505","732","17","0","210","2020-07-09 20:41:50"
"Iy2j3nIwpBA","http://youtube.com/watch?v=Iy2j3nIwpBA","2018-08-07T07:18:38Z","UCe_EvY8GrvYgx8PbwRBc75g","ミステリオ.vs.スターク.凱旋MCbattleベストバウト","11626","171","6","0","28","2020-07-09 20:41:50"
"Gl6RXtYL6zw","http://youtube.com/watch?v=Gl6RXtYL6zw","2018-11-30T13:02:02Z","UCe_EvY8GrvYgx8PbwRBc75g","TERU vs ミメイ/凱旋MCbattle × Nation Of Klang 本戦 @渋谷VUENOS","88241","1129","37","0","269","2020-07-09 20:41:50"
"CBijNj2cvhs","http://youtube.com/watch?v=CBijNj2cvhs","2018-07-24T09:58:06Z","UCe_EvY8GrvYgx8PbwRBc75g","GOTIT.vs.ToK10.凱旋MCbattle東西選抜シード戦14試合目","24867","253","8","0","78","2020-07-09 20:41:50"
"vgDgu4OYs_k","http://youtube.com/watch?v=vgDgu4OYs_k","2018-08-03T07:24:36Z","UCe_EvY8GrvYgx8PbwRBc75g","凱旋×REXX決勝戦.Qoredy.vs.U-mallow","43050","565","10","0","179","2020-07-09 20:41:50"
"TgLx_9g_Kls","http://youtube.com/watch?v=TgLx_9g_Kls","2019-03-12T06:45:13Z","UCe_EvY8GrvYgx8PbwRBc75g","ベル.vs.NOVEL.凱旋MC battle東西選抜春ノ陣2019予選","16085","184","8","0","136","2020-07-09 20:41:50"
"P9Bd5UttgW0","http://youtube.com/watch?v=P9Bd5UttgW0","2018-10-09T04:52:56Z","UCe_EvY8GrvYgx8PbwRBc75g","Masa&トラヴィス・スットコ.vs.影賭.凱旋MCbattle1周年partyベスト8.@渋谷VUENOS","21041","231","8","0","61","2020-07-09 20:41:50"
"ObuyDEhZ_C0","http://youtube.com/watch?v=ObuyDEhZ_C0","2018-06-16T16:07:21Z","UCe_EvY8GrvYgx8PbwRBc75g","凱旋MCbattle東西選抜予選.準決勝Kill.vs.Mush     U-mallow.vs.亞夢","91557","965","21","0","124","2020-07-09 20:41:50"
"nIRYs4Dhq24","http://youtube.com/watch?v=nIRYs4Dhq24","2019-03-25T16:04:46Z","UCe_EvY8GrvYgx8PbwRBc75g","aqua.vs.K'ill.凱旋MC battle東西選抜春ノ陣2019予選準決勝","22496","342","12","0","87","2020-07-09 20:41:50"
"ZF0sgjlJ09o","http://youtube.com/watch?v=ZF0sgjlJ09o","2019-03-14T06:50:13Z","UCe_EvY8GrvYgx8PbwRBc75g","八文字.vs.スターク.凱旋MC battle東西選抜春ノ陣2019予選","46478","658","20","0","209","2020-07-09 20:41:50"
"ZL5oqRvAbRc","http://youtube.com/watch?v=ZL5oqRvAbRc","2019-06-12T15:46:44Z","UCe_EvY8GrvYgx8PbwRBc75g","ミステリオ.vs.RIN.【名古屋編】凱旋MC battle×STAGEAVENGER","17841","192","8","0","49","2020-07-09 20:41:50"
"JsVMcaQBppg","http://youtube.com/watch?v=JsVMcaQBppg","2019-06-19T15:31:17Z","UCe_EvY8GrvYgx8PbwRBc75g","K'ill. vs.桜京.【名古屋編】凱旋MC battle×STAGEAVENGRA","20261","198","16","0","157","2020-07-09 20:41:50"
"lfEODOgjoJs","http://youtube.com/watch?v=lfEODOgjoJs","2018-08-28T15:14:08Z","UCe_EvY8GrvYgx8PbwRBc75g","凱旋MCbattle.NEWgeneration決勝戦.SHOHEI.vs.亞夢","11252","219","0","0","69","2020-07-09 20:41:50"
"4Zgq9EvXnno","http://youtube.com/watch?v=4Zgq9EvXnno","2018-07-20T08:03:38Z","UCe_EvY8GrvYgx8PbwRBc75g","MCKUREI.vs.G-YARD.凱旋MCbattle東西選抜シード戦4試合目","36359","330","19","0","130","2020-07-09 20:41:50"
"_pNwaXUcJkM","http://youtube.com/watch?v=_pNwaXUcJkM","2018-10-07T12:48:12Z","UCe_EvY8GrvYgx8PbwRBc75g","影賭.vs.HOWZE.凱旋MCbattle1周年partyベスト16.@渋谷VUENOS","4989","84","2","0","21","2020-07-09 20:41:50"
"mc9wjX8oXd0","http://youtube.com/watch?v=mc9wjX8oXd0","2018-07-12T12:04:30Z","UCe_EvY8GrvYgx8PbwRBc75g","cement.vs.ToK10.凱旋MCbattle東西選抜1回戦十四試合","39314","464","17","0","165","2020-07-09 20:41:50"
"g6W990-q2Cc","http://youtube.com/watch?v=g6W990-q2Cc","2019-02-03T10:56:25Z","UCe_EvY8GrvYgx8PbwRBc75g","SPIRAL.GaJuMaRu.damn.vs.yuto.rabbit.アルギニン","12462","164","5","0","111","2020-07-09 20:41:50"
"r6brUDMlj0g","http://youtube.com/watch?v=r6brUDMlj0g","2018-08-07T05:18:48Z","UCe_EvY8GrvYgx8PbwRBc75g","9for.vs.キョンス.凱旋MCbattleベストバウト","20480","241","3","0","94","2020-07-09 20:41:50"
"Ldt0o5HrX1I","http://youtube.com/watch?v=Ldt0o5HrX1I","2018-08-21T12:11:31Z","UCe_EvY8GrvYgx8PbwRBc75g","凱旋MCbattle.NEWgenerationベストバウト.バチスタ.vs.018","7203","82","4","0","25","2020-07-09 20:41:50"
"7xy0msyvfM0","http://youtube.com/watch?v=7xy0msyvfM0","2018-08-06T07:06:06Z","UCe_EvY8GrvYgx8PbwRBc75g","K-razy.vs.SHOHEI.凱旋MCbattleベストバウト","10412","161","5","0","33","2020-07-09 20:41:50"
"XEKWj8QPeLA","http://youtube.com/watch?v=XEKWj8QPeLA","2018-08-07T07:12:35Z","UCe_EvY8GrvYgx8PbwRBc75g","Masa&トラヴィス・スットコ.vsENEMY.凱旋MCbattleベストバウト","15807","274","8","0","71","2020-07-09 20:41:50"
"tquzwiS0CWg","http://youtube.com/watch?v=tquzwiS0CWg","2020-06-13T10:00:06Z","UCe_EvY8GrvYgx8PbwRBc75g","凱旋MCbattle東西選抜BESTBOUT1.2018年6月24日〜2020年1月19日","391793","10170","155","0","1030","2020-07-09 20:41:50"
"3QpBjTyJQRw","http://youtube.com/watch?v=3QpBjTyJQRw","2020-01-24T06:16:38Z","UCe_EvY8GrvYgx8PbwRBc75g","凱旋MCbattle東西選抜冬ノ陣2020 @ZeppDiverCityTOKYO  公開まで残り1日","90036","1110","24","0","323","2020-07-09 20:41:50"
"ilB5ylgJCYg","http://youtube.com/watch?v=ilB5ylgJCYg","2019-03-25T14:59:55Z","UCe_EvY8GrvYgx8PbwRBc75g","aqua.vs.NOVEL.凱旋MC battle東西選抜春ノ陣2019予選","6199","126","3","0","51","2020-07-09 20:41:50"
"nbbx6hi0zCU","http://youtube.com/watch?v=nbbx6hi0zCU","2018-08-29T11:15:06Z","UCe_EvY8GrvYgx8PbwRBc75g","凱旋MCbattle.NEWgeneration優秀者、百足、018、影賭、バチスタ、SHOHEI","13908","191","8","0","98","2020-07-09 20:41:50"
"QCazrgw3Nzg","http://youtube.com/watch?v=QCazrgw3Nzg","2018-07-02T10:24:14Z","UCe_EvY8GrvYgx8PbwRBc75g","炉馬.vs.MCKUREI.凱旋MCbattle東西選抜.1回戦.第四試合","22028","195","16","0","80","2020-07-09 20:41:50"
"6CaTp1WS9c0","http://youtube.com/watch?v=6CaTp1WS9c0","2018-07-02T07:19:32Z","UCe_EvY8GrvYgx8PbwRBc75g","雅.vs.D96.凱旋MCbattle東西選抜1回戦第三試合","27273","220","14","0","103","2020-07-09 20:41:50"
"A9scAuqhJTQ","http://youtube.com/watch?v=A9scAuqhJTQ","2018-10-29T08:40:45Z","UCe_EvY8GrvYgx8PbwRBc75g","韻マン.凱旋インタビュー","31240","515","15","0","166","2020-07-09 20:41:50"
"Csmnwn6-U-s","http://youtube.com/watch?v=Csmnwn6-U-s","2019-03-12T04:54:38Z","UCe_EvY8GrvYgx8PbwRBc75g","スターク.vs.KK.凱旋MC battle東西選抜春ノ陣2019予選","6462","79","2","0","59","2020-07-09 20:41:50"
"5Qf5jeT-Ws0","http://youtube.com/watch?v=5Qf5jeT-Ws0","2019-03-12T06:43:54Z","UCe_EvY8GrvYgx8PbwRBc75g","カクニケンスケ.vs.K-rush.凱旋MC battle東西選抜春ノ陣2019予選","5308","58","2","0","38","2020-07-09 20:41:50"
"ptcubKYUc9M","http://youtube.com/watch?v=ptcubKYUc9M","2020-01-19T11:49:51Z","UCe_EvY8GrvYgx8PbwRBc75g","【緊急告知】凱旋MCbattle東西選抜春ノ陣2020発表！！！","60452","1160","14","0","291","2020-07-09 20:41:50"
"yRL-wiLvDNQ","http://youtube.com/watch?v=yRL-wiLvDNQ","2019-02-07T17:20:51Z","UCe_EvY8GrvYgx8PbwRBc75g","ゆうま.マスオマスター.B-STOP.vs. K'iLL .SHAMA-ZO .MC龍.凱旋MC battle3on3","24796","305","18","0","120","2020-07-09 20:41:51"
"ZN8qvoNTZU8","http://youtube.com/watch?v=ZN8qvoNTZU8","2019-02-07T17:24:50Z","UCe_EvY8GrvYgx8PbwRBc75g","バチスタ.亞夢.pino.vs.十六夜.SHOHEI.T-swagg.凱旋MC battle.3on3","21055","302","7","0","77","2020-07-09 20:41:51"
"GM4oLmFynEI","http://youtube.com/watch?v=GM4oLmFynEI","2019-11-17T15:45:04Z","UCe_EvY8GrvYgx8PbwRBc75g","MC派遣社員×ゴギガキガキゴ×NillNico.vs.ハハノシキュウ A.ハハノシキュウB.MC松島.凱旋MCbattle東西選抜秋ノ陣2019","389038","5960","1024","0","NA","2020-07-09 20:41:51"
"Ps4hzu3toak","http://youtube.com/watch?v=Ps4hzu3toak","2018-10-11T05:03:44Z","UCe_EvY8GrvYgx8PbwRBc75g","SHOHEI.vs.影賭.凱旋MCbattle1周年記念party準決勝@渋谷VUENOS","11475","121","5","0","28","2020-07-09 20:41:51"
"LxhXJc6s84c","http://youtube.com/watch?v=LxhXJc6s84c","2020-04-26T04:13:02Z","UCe_EvY8GrvYgx8PbwRBc75g","凱旋MCbattle東西選抜冬ノ陣2020@ZeppDiverCityTOKYOフルVer.","922119","16031","236","0","2529","2020-07-09 20:41:51"
"Fq_d3hsgD6k","http://youtube.com/watch?v=Fq_d3hsgD6k","2019-12-08T13:09:11Z","UCe_EvY8GrvYgx8PbwRBc75g","凱旋MCbattle東西選抜秋ノ陣2019@恵比寿LIQUIDROOM","1328018","16545","281","0","374","2020-07-09 20:41:51"
"Er2d39XyVaM","http://youtube.com/watch?v=Er2d39XyVaM","2018-10-06T14:24:59Z","UCe_EvY8GrvYgx8PbwRBc75g","よんろく.vs.S-kaine. 凱旋MCbattle1周年partyベスト16.@渋谷VUENOS","16462","171","4","0","50","2020-07-09 20:41:51"
"_uhG6tcJ-XQ","http://youtube.com/watch?v=_uhG6tcJ-XQ","2019-09-18T11:00:55Z","UCe_EvY8GrvYgx8PbwRBc75g","凱旋MCbattle東西選抜夏ノ陣2019.@渋谷TSUTAYA O-EAST","1549324","17792","331","0","1705","2020-07-09 20:41:51"
"bhWUISz_sj0","http://youtube.com/watch?v=bhWUISz_sj0","2019-01-29T07:15:44Z","UCe_EvY8GrvYgx8PbwRBc75g","百足.9for.ミメイ.vs Loar.CIAN.whydy.凱旋MC battle3on3","146683","1844","141","0","791","2020-07-09 20:41:51"
"PBGJgEKfVRM","http://youtube.com/watch?v=PBGJgEKfVRM","2019-08-08T15:18:59Z","UCe_EvY8GrvYgx8PbwRBc75g","凱旋MCbattle東西選抜春ノ陣2019.@渋谷TSUTAYA O-EAST","1515441","19094","555","0","1817","2020-07-09 20:41:51"
"0atVtnJvuBk","http://youtube.com/watch?v=0atVtnJvuBk","2019-02-11T13:32:57Z","UCe_EvY8GrvYgx8PbwRBc75g","K'iLL .SHAMA-ZO .MC龍.vs.亞夢.バチスタ.pino.凱旋MC battle3on3","28395","359","8","0","83","2020-07-09 20:41:51"
"9iXgPp7OpEA","http://youtube.com/watch?v=9iXgPp7OpEA","2018-12-07T12:35:57Z","UCe_EvY8GrvYgx8PbwRBc75g","藤KooS vs バチスタ/凱旋MCbattle × Nation Of Klang 本戦 @渋谷VUENOS","99783","966","30","0","357","2020-07-09 20:41:51"
"Mdg_mRiYWHw","http://youtube.com/watch?v=Mdg_mRiYWHw","2019-03-24T14:26:24Z","UCe_EvY8GrvYgx8PbwRBc75g","４月4日凱旋MC battle東西選抜春ノ陣2019まで残り11日…怨念JAPインタビュー","3982","93","1","0","28","2020-07-09 20:41:51"
"HfrKnwZkZ_E","http://youtube.com/watch?v=HfrKnwZkZ_E","2019-06-19T15:15:36Z","UCe_EvY8GrvYgx8PbwRBc75g","ScoobyJ vs A.P.L【名古屋編】凱旋MC battle×STAGEAVENGRA","21628","225","34","0","134","2020-07-09 20:41:51"
"Ednuh0iduSk","http://youtube.com/watch?v=Ednuh0iduSk","2018-06-16T16:08:19Z","UCe_EvY8GrvYgx8PbwRBc75g","凱旋MCbattle東西選抜予選ベスト8","39321","472","17","0","112","2020-07-09 20:41:51"
"-zohadgerjI","http://youtube.com/watch?v=-zohadgerjI","2018-12-04T08:42:14Z","UCe_EvY8GrvYgx8PbwRBc75g","C 'stle vs 亞夢/凱旋MCbattle × Nation Of Klang 本戦 @渋谷VUENOS","6352","80","3","0","34","2020-07-09 20:41:51"
"NxfXSP5QNQs","http://youtube.com/watch?v=NxfXSP5QNQs","2018-07-09T10:08:27Z","UCe_EvY8GrvYgx8PbwRBc75g","押忍マン.vs.まゆちゃむ.凱旋MCbattle東西選抜1回戦第十一試合","55249","465","57","0","303","2020-07-09 20:41:51"
"OjVJSUlY77g","http://youtube.com/watch?v=OjVJSUlY77g","2019-03-25T15:01:27Z","UCe_EvY8GrvYgx8PbwRBc75g","K'ill.vs.YD.凱旋MC battle東西選抜春ノ陣2019予選","9486","107","8","0","86","2020-07-09 20:41:51"
"OcbenF5gR9k","http://youtube.com/watch?v=OcbenF5gR9k","2018-07-10T11:05:02Z","UCe_EvY8GrvYgx8PbwRBc75g","9for.vs.諒太.凱旋MCbattle東西選抜1回戦第十二試合","40739","364","12","0","111","2020-07-09 20:41:51"
"LKzMeQd07s4","http://youtube.com/watch?v=LKzMeQd07s4","2019-03-25T14:58:35Z","UCe_EvY8GrvYgx8PbwRBc75g","LEM.vs.K-rash.凱旋MC battle東西選抜春ノ陣2019予選","8149","104","3","0","68","2020-07-09 20:41:51"
"A9OIlo7ihJU","http://youtube.com/watch?v=A9OIlo7ihJU","2019-06-19T15:35:23Z","UCe_EvY8GrvYgx8PbwRBc75g","ミステリオ. vs.桜京【名古屋編】凱旋MC battle×STAGEAVENGRA","28854","270","39","0","224","2020-07-09 20:41:51"
"5c2ugaMedNw","http://youtube.com/watch?v=5c2ugaMedNw","2018-10-15T10:46:29Z","UCe_EvY8GrvYgx8PbwRBc75g","ONO-D、NilNico、NidraAssassin、TEITO、凱旋MCbattle1周年party.LIVE映像","107873","1887","48","0","515","2020-07-09 20:41:51"
"QTfSq1Fmz5E","http://youtube.com/watch?v=QTfSq1Fmz5E","2018-10-05T07:08:06Z","UCe_EvY8GrvYgx8PbwRBc75g","U-mallow.vs.WANDA.ＫＫ.vs.aqua.凱旋MCbattle×NATIONOFKLANG東京予選、準決勝","9498","104","3","0","17","2020-07-09 20:41:51"
"3zUPuoUja04","http://youtube.com/watch?v=3zUPuoUja04","2019-03-12T04:53:28Z","UCe_EvY8GrvYgx8PbwRBc75g","八文字.vs.harsh.凱旋MC battle東西選抜春ノ陣2019予選","4459","56","3","0","41","2020-07-09 20:41:51"
"FMimvaUq3ec","http://youtube.com/watch?v=FMimvaUq3ec","2018-07-22T08:16:46Z","UCe_EvY8GrvYgx8PbwRBc75g","まゆちゃむ.vs.八文字.凱旋MCbattleシード戦11試合目","27238","238","28","0","88","2020-07-09 20:41:51"
"FLCVcDt3RMQ","http://youtube.com/watch?v=FLCVcDt3RMQ","2018-11-10T01:35:45Z","UCe_EvY8GrvYgx8PbwRBc75g","炉馬.vs.ロゼ.018.vsNiiSAN.凱旋MCbattle×NATION OF KLANG神奈川予選","9716","121","7","0","47","2020-07-09 20:41:51"
"MGpUy4Ozatw","http://youtube.com/watch?v=MGpUy4Ozatw","2018-10-08T07:08:09Z","UCe_EvY8GrvYgx8PbwRBc75g","がーどまん、キョンス、KUREI、ミステリオ、MAKA、K-razy、9for、凱旋MCbattle1周年partyLiveダイジェスト","36408","664","17","0","196","2020-07-09 20:41:51"
"VxbyswgayPY","http://youtube.com/watch?v=VxbyswgayPY","2018-11-06T10:42:33Z","UCe_EvY8GrvYgx8PbwRBc75g","凱旋インタビュー.ミメイ","15249","276","5","0","90","2020-07-09 20:41:51"
"t4TQoiNMGbk","http://youtube.com/watch?v=t4TQoiNMGbk","2019-03-14T06:42:30Z","UCe_EvY8GrvYgx8PbwRBc75g","K'ill.vs.ピロー.凱旋MC battle東西選抜春ノ陣2019予選","9749","91","9","0","128","2020-07-09 20:41:51"
"PDkuye7-NrI","http://youtube.com/watch?v=PDkuye7-NrI","2018-06-30T11:42:52Z","UCe_EvY8GrvYgx8PbwRBc75g","凱旋MCbattle東西選抜Live&インタビュー","5487","77","1","0","35","2020-07-09 20:41:51"
"Oermbcoy5ME","http://youtube.com/watch?v=Oermbcoy5ME","2019-02-02T11:19:31Z","UCe_EvY8GrvYgx8PbwRBc75g","バチスタ.亞夢.pino.vs. HOWZW.ファラオ.KK.凱旋MC battle 3on3","6883","84","2","0","30","2020-07-09 20:41:51"
"XGwSj8iuEVw","http://youtube.com/watch?v=XGwSj8iuEVw","2018-11-13T11:00:03Z","UCe_EvY8GrvYgx8PbwRBc75g","N0uTY - Acquitence or Friend (Official Music Video)","26701","662","99","0","108","2020-07-09 20:41:51"
"Ny8UHcJr-7k","http://youtube.com/watch?v=Ny8UHcJr-7k","2018-10-07T12:51:59Z","UCe_EvY8GrvYgx8PbwRBc75g","N0uTY.vs.ミメイ.凱旋MCbattle1周年partyベスト16@渋谷VUENOS","42714","454","8","0","153","2020-07-09 20:41:51"
"0WJzeiz_XcM","http://youtube.com/watch?v=0WJzeiz_XcM","2019-01-30T05:33:45Z","UCe_EvY8GrvYgx8PbwRBc75g","MCマロン.Null.マー坊.vs.インドリックラマー.PCmini.Forest55","9316","102","5","0","59","2020-07-09 20:41:51"
"LUy863iRflQ","http://youtube.com/watch?v=LUy863iRflQ","2018-10-25T10:03:23Z","UCe_EvY8GrvYgx8PbwRBc75g","怨念JAP.凱旋インタビュー","8783","147","4","0","51","2020-07-09 20:41:51"
"-SvIeOiNpEg","http://youtube.com/watch?v=-SvIeOiNpEg","2019-03-12T04:57:01Z","UCe_EvY8GrvYgx8PbwRBc75g","LEM.vs. skyscraper.凱旋MC battle東西選抜春ノ陣2019予選","6194","82","7","0","35","2020-07-09 20:41:51"
"_NomMyZk_1I","http://youtube.com/watch?v=_NomMyZk_1I","2018-11-12T04:59:44Z","UCe_EvY8GrvYgx8PbwRBc75g","凱旋MCbattle×NATION OF KLANG神奈川予選","6133","68","3","0","29","2020-07-09 20:41:51"
"rYswEDIaGyA","http://youtube.com/watch?v=rYswEDIaGyA","2018-11-16T16:59:12Z","UCe_EvY8GrvYgx8PbwRBc75g","凱旋MCbattle×NATION OF KLANG神奈川予選","4907","39","5","0","43","2020-07-09 20:41:51"
"IuSFCeBgS38","http://youtube.com/watch?v=IuSFCeBgS38","2018-08-24T14:55:11Z","UCe_EvY8GrvYgx8PbwRBc75g","凱旋MCbattle.NEWgeneration.準決勝.影賭.vs.亞夢","5690","55","5","0","39","2020-07-09 20:41:51"
"Xc3hg_78G2M","http://youtube.com/watch?v=Xc3hg_78G2M","2019-02-07T17:33:31Z","UCe_EvY8GrvYgx8PbwRBc75g","影賭.こーでぃ.Khaos Melody.vs.EVOL.dahullee.Dumb person.凱旋MC battle.3on3","13506","167","32","0","82","2020-07-09 20:41:51"
"RHfWNbBnE1I","http://youtube.com/watch?v=RHfWNbBnE1I","2018-11-27T05:04:17Z","UCe_EvY8GrvYgx8PbwRBc75g","4月4日.渋谷TSUTAYA.O-Eastへの道","1615","48","2","0","15","2020-07-09 20:41:51"
"E8PWyNDi4SM","http://youtube.com/watch?v=E8PWyNDi4SM","2018-11-02T11:20:04Z","UCe_EvY8GrvYgx8PbwRBc75g","凱旋インタビュー.N0uTY","2831","39","4","0","16","2020-07-09 20:41:51"
"mAaQRQRy7Qs","http://youtube.com/watch?v=mAaQRQRy7Qs","2019-10-20T09:33:58Z","UCe_EvY8GrvYgx8PbwRBc75g","凱旋MCbattle東西選抜冬ノ陣2020","54275","862","21","0","230","2020-07-09 20:41:51"
"C-Q0S7hBxj0","http://youtube.com/watch?v=C-Q0S7hBxj0","2019-04-19T05:19:48Z","UCe_EvY8GrvYgx8PbwRBc75g","凱旋MC battle東西選抜春ノ陣2019","116324","1339","48","0","316","2020-07-09 20:41:51"
"dJDbsRlNNZg","http://youtube.com/watch?v=dJDbsRlNNZg","2018-08-29T11:12:07Z","UCe_EvY8GrvYgx8PbwRBc75g","凱旋MCbattle重大情報解禁！ついに…","4112","61","1","0","26","2020-07-09 20:41:51"
"x6qwpCGybq8","http://youtube.com/watch?v=x6qwpCGybq8","2018-08-29T11:13:23Z","UCe_EvY8GrvYgx8PbwRBc75g","凱旋MCbattle.NEWgenerationチャンピオン亞夢","1891","20","3","0","8","2020-07-09 20:41:51"
"zxvvTIQwY38","http://youtube.com/watch?v=zxvvTIQwY38","2019-11-19T04:51:43Z","UCe_EvY8GrvYgx8PbwRBc75g","MC松島vsMC派遣社員.凱旋MCbattle東西選抜秋ノ陣2019","176923","2064","5239","0","NA","2020-07-09 20:41:51"
"KJ4wmdUA6mM","http://youtube.com/watch?v=KJ4wmdUA6mM","2018-10-08T12:27:23Z","UCe_EvY8GrvYgx8PbwRBc75g","《必見》緊急告知！！！スペシャルゲストに！！？","3955","29","1","0","23","2020-07-09 20:41:51"
"zI4M_xHbTrY","http://youtube.com/watch?v=zI4M_xHbTrY","2018-11-01T09:50:36Z","UCe_EvY8GrvYgx8PbwRBc75g","凱旋インタビュー.TEITO","1176","15","0","0","6","2020-07-09 20:41:51"
"jxPuwqmJ9N8","http://youtube.com/watch?v=jxPuwqmJ9N8","2018-11-12T05:01:08Z","UCe_EvY8GrvYgx8PbwRBc75g","凱旋MCbattle×NATION OF KLANG神奈川予選","5817","25","3","0","15","2020-07-09 20:41:51"
"PweO1kr5oCU","http://youtube.com/watch?v=PweO1kr5oCU","2018-07-25T06:36:38Z","UCe_EvY8GrvYgx8PbwRBc75g","D96.vs.MCKUREI.凱旋MCbattle東西選抜ベスト16.2試合目","17871","214","231","0","NA","2020-07-09 20:41:52"
"sl9CMVi3wKU","http://youtube.com/watch?v=sl9CMVi3wKU","2018-08-07T07:17:01Z","UCe_EvY8GrvYgx8PbwRBc75g","Masa&トラヴィス・スットコ.vs.亞夢.凱旋MCbattleベストバウト","7788","141","1","0","20","2020-07-09 20:41:52"
"VOaS9PAHrDo","http://youtube.com/watch?v=VOaS9PAHrDo","2018-08-03T08:01:51Z","UCe_EvY8GrvYgx8PbwRBc75g","凱旋MCbattle.重大発表！！必見","8427","154","14","0","50","2020-07-09 20:41:52"
"J-L5ZVdYXpw","http://youtube.com/watch?v=J-L5ZVdYXpw","2018-11-16T17:00:53Z","UCe_EvY8GrvYgx8PbwRBc75g","凱旋MCbattle×NATION OF KLANG神奈川予選","4074","20","9","0","20","2020-07-09 20:41:52"
